mutation_site,protein_site(actual),Total_frequency
16237: 'G->T',A1S,9
16238: 'C->A',A1D,1
16238: 'C->T',A1V,1
16239: 'T->A',A1A,5
16239: 'T->C',A1A,225
16239: 'T->G',A1A,4
16240: 'G->A',V2I,5
16242: 'T->A',V2V,5777
16242: 'T->C',V2V,40
16242: 'T->G',V2V,795
16243: 'G->A',G3R,5
16243: 'G->T',G3W,8
16245: 'G->A',G3G,291
16245: 'G->T',G3G,251
16246: 'G->A',A4T,2
16246: 'G->T',A4S,128
16247: 'C->T',A4V,415
16248: 'T->A',A4A,4
16248: 'T->C',A4A,33
16248: 'T->G',A4A,12
16251: 'T->C',C5C,21
16252: 'G->T',V6F,5
16254: 'T->A',V6V,1
16254: 'T->C',V6V,66
16254: 'T->G',V6V,6
16255: 'C->A',L7I,1
16255: 'C->T',L7F,2
16256: 'T->C',L7P,4
16256: 'T->G',L7R,1
16257: 'T->C',L7L,25
16259: 'G->A',C8Y,1
16260: 'C->T',C8C,7047
16261: 'A->C',N9H,1
16261: 'A->G',N9D,2
16261: 'A->T',N9Y,20
16262: 'A->C',N9T,10
16262: 'A->G',N9S,52
16262: 'A->T',N9I,1
16263: 'T->A',N9K,1
16263: 'T->C',N9N,69
16263: 'T->G',N9K,7
16264: 'T->G',S10A,5
16266: 'A->C',S10S,1
16266: 'A->G',S10S,122
16267: 'C->G',Q11E,1
16268: 'A->G',Q11R,4
16269: 'G->A',Q11Q,1016
16269: 'G->T',Q11H,2
16271: 'C->T',T12I,3
16272: 'T->A',T12T,1
16272: 'T->C',T12T,47
16272: 'T->G',T12T,14
16273: 'T->A',S13T,5
16274: 'C->T',S13L,131
16275: 'A->C',S13S,6
16275: 'A->G',S13S,93
16275: 'A->T',S13S,9
16276: 'T->C',L14L,46
16277: 'T->C',L14S,1
16278: 'A->G',L14L,15
16279: 'A->C',R15R,21
16280: 'G->A',R15K,31
16281: 'A->G',R15R,44
16284: 'T->C',C16C,21
16285: 'G->A',G17S,9
16285: 'G->T',G17C,2
16287: 'T->A',G17G,1
16287: 'T->C',G17G,16
16287: 'T->G',G17G,5
16288: 'G->A',A18T,99
16288: 'G->T',A18S,24
16289: 'C->T',A18V,1890
16290: 'T->A',A18A,9
16290: 'T->C',A18A,60
16290: 'T->G',A18A,22
16293: 'C->T',C19C,4942
16295: 'T->A',I20K,1
16295: 'T->C',I20T,1
16296: 'A->C',I20I,1
16296: 'A->G',I20M,6
16297: 'C->G',R21G,1
16298: 'G->T',R21L,7
16299: 'T->A',R21R,1
16299: 'T->C',R21R,22
16301: 'G->A',R22K,61
16302: 'A->G',R22R,14
16303: 'C->T',P23S,5
16305: 'A->C',P23P,1
16305: 'A->G',P23P,80
16305: 'A->T',P23P,73
16306: 'T->C',F24L,17
16307: 'T->A',F24Y,1
16307: 'T->C',F24S,12
16307: 'T->G',F24C,7
16308: 'C->A',F24L,4
16308: 'C->T',F24F,2397
16309: 'T->A',L25I,3
16309: 'T->C',L25L,25
16309: 'T->G',L25V,2
16311: 'A->C',L25F,1
16311: 'A->G',L25L,355
16313: 'G->A',C26Y,2
16314: 'T->C',C26C,54
16315: 'T->A',C27S,1
16315: 'T->G',C27G,2
16316: 'G->C',C27S,1
16317: 'T->C',C27C,243
16317: 'T->G',C27W,2
16318: 'A->C',K28Q,1
16318: 'A->G',K28E,4
16319: 'A->G',K28R,4
16320: 'A->C',K28N,2
16320: 'A->G',K28K,82
16322: 'G->T',C29F,1
16323: 'C->T',C29C,3505
16324: 'T->A',C30S,5
16324: 'T->C',C30R,3
16325: 'G->C',C30S,1
16325: 'G->T',C30F,7
16326: 'T->C',C30C,31
16327: 'T->A',Y31N,2
16327: 'T->C',Y31H,7
16328: 'A->G',Y31C,8
16328: 'A->T',Y31F,1
16329: 'C->T',Y31Y,1728
16330: 'G->A',D32N,3
16330: 'G->T',D32Y,2
16331: 'A->G',D32G,10
16332: 'C->A',D32E,25
16332: 'C->T',D32D,718
16333: 'C->T',H33Y,2
16335: 'T->C',H33H,172
16335: 'T->G',H33Q,1
16336: 'G->A',V34I,38
16336: 'G->T',V34F,5
16337: 'T->C',V34A,7
16338: 'C->A',V34V,2
16338: 'C->G',V34V,6
16338: 'C->T',V34V,1610
16339: 'A->G',I35V,45
16340: 'T->C',I35T,22
16341: 'A->C',I35I,7
16341: 'A->G',I35M,30
16341: 'A->T',I35I,3
16342: 'T->A',S36T,2
16342: 'T->C',S36P,102
16342: 'T->G',S36A,65
16343: 'C->T',S36L,81
16344: 'A->G',S36S,151
16344: 'A->T',S36S,20
16345: 'A->G',T37A,1
16346: 'C->T',T37I,2
16347: 'A->G',T37T,107
16347: 'A->T',T37T,1
16348: 'T->A',S38T,3
16348: 'T->C',S38P,129
16349: 'C->T',S38L,903
16350: 'A->C',S38S,1
16350: 'A->G',S38S,24
16353: 'T->C',H39H,50
16354: 'A->C',K40Q,4
16354: 'A->G',K40E,7
16355: 'A->C',K40T,1
16355: 'A->G',K40R,11
16356: 'A->C',K40N,9
16356: 'A->G',K40K,156
16357: 'T->C',L41L,148
16357: 'T->G',L41V,1
16358: 'T->C',L41S,2
16359: 'A->C',L41F,40
16359: 'A->G',L41L,40
16360: 'G->A',V42I,10
16361: 'T->C',V42A,11
16362: 'C->A',V42V,32
16362: 'C->G',V42V,8
16362: 'C->T',V42V,1712
16363: 'T->A',L43M,2
16363: 'T->C',L43L,56
16363: 'T->G',L43V,1
16365: 'G->A',L43L,73
16365: 'G->C',L43F,1
16365: 'G->T',L43F,412
16366: 'T->C',S44P,4
16366: 'T->G',S44A,1
16367: 'C->T',S44F,2
16368: 'T->C',S44S,14
16368: 'T->G',S44S,1
16369: 'G->A',V45I,6
16370: 'T->C',V45A,11
16371: 'T->C',V45V,170
16372: 'A->G',N46D,2
16373: 'A->C',N46T,36
16373: 'A->G',N46S,48
16374: 'T->C',N46N,405
16375: 'C->A',P47T,39
16375: 'C->T',P47S,2291
16376: 'C->A',P47Q,1
16376: 'C->T',P47L,1226
16377: 'G->A',P47P,1313
16377: 'G->C',P47P,43
16377: 'G->T',P47P,1309
16378: 'T->A',Y48N,1
16378: 'T->C',Y48H,4
16380: 'T->C',Y48Y,56
16381: 'G->A',V49I,140
16381: 'G->T',V49F,7
16382: 'T->C',V49A,21
16383: 'T->A',V49V,3
16383: 'T->C',V49V,21
16383: 'T->G',V49V,7
16386: 'C->T',C50C,696
16387: 'A->C',N51H,4
16387: 'A->T',N51Y,13
16388: 'A->C',N51T,41
16388: 'A->G',N51S,15
16389: 'T->A',N51K,3
16389: 'T->C',N51N,98
16390: 'G->A',A52T,12
16390: 'G->T',A52S,77
16391: 'C->A',A52D,12
16391: 'C->T',A52V,2593
16392: 'T->A',A52A,15
16392: 'T->C',A52A,211
16392: 'T->G',A52A,8
16393: 'C->A',P53T,35
16393: 'C->G',P53A,3
16393: 'C->T',P53S,2948
16394: 'C->A',P53Q,109
16394: 'C->T',P53L,11323
16395: 'A->C',P53P,7
16395: 'A->G',P53P,103
16395: 'A->T',P53P,124
16396: 'G->A',G54S,349
16396: 'G->T',G54C,470
16397: 'G->A',G54D,5
16397: 'G->T',G54V,87
16398: 'T->C',G54G,275
16400: 'G->A',C55Y,3
16401: 'T->C',C55C,26
16402: 'G->A',D56N,6
16402: 'G->C',D56H,2
16402: 'G->T',D56Y,36
16403: 'A->C',D56A,23
16403: 'A->G',D56G,41
16404: 'T->A',D56E,1
16404: 'T->C',D56D,100
16404: 'T->G',D56E,2
16405: 'G->A',V57I,25
16405: 'G->C',V57L,1
16405: 'G->T',V57F,24
16406: 'T->A',V57D,1
16406: 'T->C',V57A,16
16406: 'T->G',V57G,10
16407: 'C->A',V57V,7
16407: 'C->G',V57V,1
16407: 'C->T',V57V,72
16408: 'A->G',T58A,14
16408: 'A->T',T58S,2
16409: 'C->T',T58I,97
16410: 'A->C',T58T,6
16410: 'A->G',T58T,51
16410: 'A->T',T58T,4
16411: 'G->A',D59N,24
16411: 'G->C',D59H,2
16411: 'G->T',D59Y,97
16412: 'A->T',D59V,7
16413: 'T->C',D59D,105
16414: 'G->T',V60L,27
16415: 'T->C',V60A,25
16416: 'G->A',V60V,35
16416: 'G->C',V60V,1
16416: 'G->T',V60V,342
16417: 'A->G',T61A,13
16418: 'C->A',T61N,64
16418: 'C->T',T61I,40
16419: 'T->A',T61T,2
16419: 'T->C',T61T,60
16419: 'T->G',T61T,20
16420: 'C->A',Q62K,22
16421: 'A->G',Q62R,145
16421: 'A->T',Q62L,9
16422: 'A->C',Q62H,3
16422: 'A->G',Q62Q,45
16422: 'A->T',Q62H,1
16423: 'C->A',L63I,5
16425: 'T->A',L63L,32
16425: 'T->C',L63L,34
16425: 'T->G',L63L,626
16426: 'T->C',Y64H,15
16427: 'A->G',Y64C,38
16428: 'C->T',Y64Y,2355
16429: 'T->C',L65L,101
16429: 'T->G',L65V,3
16430: 'T->C',L65S,3
16431: 'A->C',L65F,1
16431: 'A->G',L65L,332
16434: 'A->C',G66G,36
16434: 'A->G',G66G,6
16434: 'A->T',G66G,17
16435: 'G->A',G67S,10
16435: 'G->T',G67C,5
16436: 'G->A',G67D,1
16436: 'G->T',G67V,4
16437: 'T->C',G67G,3
16438: 'A->G',M68V,30
16439: 'T->A',M68K,4
16439: 'T->C',M68T,40
16440: 'G->T',M68I,4
16441: 'A->C',S69R,4
16441: 'A->G',S69G,20
16442: 'G->A',S69N,40
16442: 'G->T',S69I,1
16443: 'C->T',S69S,298
16444: 'T->C',Y70H,24
16445: 'A->T',Y70F,13
16446: 'T->C',Y70Y,38
16447: 'T->A',Y71N,1
16447: 'T->C',Y71H,9
16448: 'A->G',Y71C,41
16449: 'T->C',Y71Y,44
16452: 'T->C',C72C,46
16453: 'A->G',K73E,22
16454: 'A->C',K73T,6
16454: 'A->G',K73R,15
16454: 'A->T',K73I,88
16455: 'A->C',K73N,38
16455: 'A->G',K73K,133
16455: 'A->T',K73N,6
16456: 'T->A',S74T,4
16456: 'T->C',S74P,1373
16456: 'T->G',S74A,34
16457: 'C->T',S74L,1871
16458: 'A->C',S74S,10
16458: 'A->G',S74S,24
16458: 'A->T',S74S,2
16459: 'C->G',H75D,1
16461: 'T->C',H75H,440
16462: 'A->C',K76Q,1
16463: 'A->G',K76R,46
16463: 'A->T',K76I,1
16464: 'A->G',K76K,15
16465: 'C->A',P77T,14
16465: 'C->T',P77S,7
16466: 'C->A',P77Q,60
16466: 'C->T',P77L,448280
16467: 'A->G',P77P,51
16468: 'C->A',P78T,4
16468: 'C->T',P78S,11287
16469: 'C->A',P78H,3
16469: 'C->T',P78L,392
16470: 'C->A',P78P,15
16470: 'C->T',P78P,166
16471: 'A->C',I79L,68
16471: 'A->G',I79V,452
16472: 'T->C',I79T,5
16473: 'T->A',I79I,1
16473: 'T->C',I79I,44
16474: 'A->G',S80G,1898
16474: 'A->T',S80C,2
16475: 'G->A',S80N,55
16476: 'T->C',S80S,215
16476: 'T->G',S80R,1
16477: 'T->A',F81I,1
16477: 'T->C',F81L,6
16477: 'T->G',F81V,1
16478: 'T->A',F81Y,1
16479: 'T->C',F81F,534
16479: 'T->G',F81L,3
16480: 'C->A',P82T,32
16480: 'C->G',P82A,1
16480: 'C->T',P82S,88
16481: 'C->A',P82Q,1
16481: 'C->T',P82L,11
16482: 'A->C',P82P,62
16482: 'A->G',P82P,301
16482: 'A->T',P82P,82
16483: 'T->A',L83M,1
16483: 'T->C',L83L,70
16483: 'T->G',L83V,1
16485: 'G->A',L83L,51
16485: 'G->T',L83F,14
16487: 'G->A',C84Y,6
16487: 'G->C',C84S,1
16487: 'G->T',C84F,13
16488: 'T->C',C84C,23
16489: 'G->A',A85T,31
16489: 'G->C',A85P,1
16489: 'G->T',A85S,3
16490: 'C->T',A85V,59
16491: 'T->C',A85A,53
16491: 'T->G',A85A,3
16492: 'A->G',N86D,5
16493: 'A->C',N86T,1
16493: 'A->G',N86S,44
16494: 'T->C',N86N,314
16495: 'G->A',G87R,1
16496: 'G->A',G87E,42
16496: 'G->C',G87A,2
16496: 'G->T',G87V,5
16497: 'A->C',G87G,7
16497: 'A->G',G87G,57
16499: 'A->G',Q88R,5
16499: 'A->T',Q88L,6
16500: 'A->C',Q88H,20436
16500: 'A->G',Q88Q,38
16500: 'A->T',Q88H,28
16501: 'G->A',V89I,15
16501: 'G->C',V89L,1
16502: 'T->C',V89A,2
16503: 'T->A',V89V,14
16503: 'T->C',V89V,44
16503: 'T->G',V89V,3
16504: 'T->C',F90L,2
16506: 'T->A',F90L,2
16506: 'T->C',F90F,83
16507: 'G->A',G91S,4
16508: 'G->T',G91V,6
16509: 'T->A',G91G,2
16509: 'T->C',G91G,58
16510: 'T->A',L92I,3
16510: 'T->C',L92L,36
16511: 'T->C',L92S,7
16512: 'A->G',L92L,375
16513: 'T->A',Y93N,1
16513: 'T->C',Y93H,2
16513: 'T->G',Y93D,4
16514: 'A->G',Y93C,16
16514: 'A->T',Y93F,1
16515: 'T->C',Y93Y,91
16516: 'A->C',K94Q,1
16517: 'A->C',K94T,2
16518: 'A->C',K94N,2
16518: 'A->G',K94K,16
16519: 'A->T',N95Y,1
16520: 'A->C',N95T,1
16520: 'A->G',N95S,1
16521: 'T->A',N95K,7
16521: 'T->C',N95N,1046
16521: 'T->G',N95K,1
16522: 'A->G',T96A,11
16522: 'A->T',T96S,1
16523: 'C->A',T96K,1
16523: 'C->T',T96I,176
16524: 'A->G',T96T,71
16527: 'T->C',C97C,9
16528: 'G->A',V98I,67
16528: 'G->T',V98F,1235
16529: 'T->C',V98A,171
16529: 'T->G',V98G,1
16530: 'T->A',V98V,31
16530: 'T->C',V98V,35
16531: 'G->A',G99S,2
16532: 'G->T',G99V,1
16533: 'T->C',G99G,21
16534: 'A->G',S100G,1115
16534: 'A->T',S100C,1
16535: 'G->A',S100N,17
16535: 'G->C',S100T,2
16535: 'G->T',S100I,1
16536: 'C->T',S100S,271
16537: 'G->A',D101N,78
16537: 'G->C',D101H,2
16537: 'G->T',D101Y,22
16538: 'A->C',D101A,26
16538: 'A->G',D101G,217
16538: 'A->T',D101V,10
16539: 'T->C',D101D,374
16540: 'A->G',N102D,11
16540: 'A->T',N102Y,1
16541: 'A->C',N102T,34
16541: 'A->G',N102S,326
16541: 'A->T',N102I,30
16542: 'T->A',N102K,1
16542: 'T->C',N102N,351
16542: 'T->G',N102K,1
16543: 'G->A',V103I,50
16543: 'G->T',V103F,42
16544: 'T->C',V103A,10
16544: 'T->G',V103G,28
16545: 'T->A',V103V,2
16545: 'T->C',V103V,26
16545: 'T->G',V103V,4
16546: 'A->G',T104A,5
16546: 'A->T',T104S,2
16547: 'C->A',T104N,12
16547: 'C->T',T104I,63
16548: 'T->A',T104T,105
16548: 'T->C',T104T,130
16548: 'T->G',T104T,17
16549: 'G->A',D105N,63
16549: 'G->T',D105Y,1043
16550: 'A->C',D105A,141
16550: 'A->G',D105G,118
16550: 'A->T',D105V,5
16551: 'C->A',D105E,1
16551: 'C->T',D105D,113
16553: 'T->A',F106Y,3
16554: 'T->C',F106F,147
16555: 'A->G',N107D,2
16556: 'A->G',N107S,1
16557: 'T->C',N107N,45
16558: 'G->A',A108T,62
16558: 'G->T',A108S,45
16559: 'C->T',A108V,125
16560: 'A->C',A108A,3
16560: 'A->G',A108A,76
16560: 'A->T',A108A,29
16561: 'A->C',I109L,2
16561: 'A->G',I109V,15
16561: 'A->T',I109F,2
16563: 'T->A',I109I,144
16563: 'T->C',I109I,77
16564: 'G->A',A110T,142
16564: 'G->C',A110P,2
16564: 'G->T',A110S,381
16565: 'C->T',A110V,2
16566: 'A->C',A110A,1
16566: 'A->G',A110A,27
16566: 'A->T',A110A,20
16567: 'A->G',T111A,5
16568: 'C->T',T111I,96
16569: 'A->C',T111T,1
16569: 'A->G',T111T,316
16569: 'A->T',T111T,1
16570: 'T->A',C112S,35
16571: 'G->C',C112S,2
16571: 'G->T',C112F,5
16572: 'T->C',C112C,145
16572: 'T->G',C112W,1
16573: 'G->A',D113N,5
16573: 'G->T',D113Y,21
16574: 'A->G',D113G,3
16575: 'C->A',D113E,4
16575: 'C->G',D113E,1
16575: 'C->T',D113D,3818
16576: 'T->C',W114R,2
16579: 'A->G',T115A,7
16580: 'C->A',T115K,4
16580: 'C->T',T115I,677
16581: 'A->G',T115T,19
16581: 'A->T',T115T,94
16582: 'A->C',N116H,1
16582: 'A->G',N116D,3
16582: 'A->T',N116Y,3
16583: 'A->C',N116T,27
16583: 'A->G',N116S,51
16583: 'A->T',N116I,1
16584: 'T->A',N116K,3
16584: 'T->C',N116N,16
16584: 'T->G',N116K,2
16585: 'G->A',A117T,80
16585: 'G->T',A117S,6
16586: 'C->A',A117D,1
16586: 'C->T',A117V,48
16587: 'T->A',A117A,5
16587: 'T->C',A117A,40
16588: 'G->A',G118S,29
16588: 'G->T',G118C,124
16589: 'G->T',G118V,5
16590: 'T->C',G118G,18
16591: 'G->A',D119N,3
16591: 'G->C',D119H,2
16591: 'G->T',D119Y,44
16592: 'A->C',D119A,4
16592: 'A->G',D119G,57
16593: 'T->C',D119D,158
16594: 'T->C',Y120H,1
16595: 'A->G',Y120C,1
16596: 'C->T',Y120Y,839
16597: 'A->G',I121V,41
16598: 'T->C',I121T,1
16599: 'T->A',I121I,3
16599: 'T->C',I121I,35
16600: 'T->C',L122L,7
16600: 'T->G',L122V,8
16601: 'T->C',L122S,8
16602: 'A->C',L122F,1
16602: 'A->G',L122L,136
16603: 'G->A',A123T,1
16603: 'G->T',A123S,12
16604: 'C->T',A123V,4
16605: 'T->A',A123A,75
16605: 'T->C',A123A,202
16605: 'T->G',A123A,3
16606: 'A->G',N124D,29
16607: 'A->C',N124T,5
16607: 'A->G',N124S,70
16607: 'A->T',N124I,12
16608: 'C->A',N124K,1
16608: 'C->T',N124N,471
16609: 'A->G',T125A,956
16610: 'C->A',T125N,47
16610: 'C->T',T125I,83
16611: 'C->A',T125T,151
16611: 'C->T',T125T,147
16612: 'T->A',C126S,1
16612: 'T->C',C126R,9
16612: 'T->G',C126G,2
16613: 'G->T',C126F,1
16614: 'T->C',C126C,43
16615: 'A->G',T127A,62
16615: 'A->T',T127S,2
16616: 'C->A',T127N,141
16616: 'C->T',T127I,1569
16617: 'T->A',T127T,33
16617: 'T->C',T127T,44
16617: 'T->G',T127T,1
16619: 'A->C',E128A,3
16619: 'A->G',E128G,10
16620: 'A->G',E128E,128
16620: 'A->T',E128D,1
16621: 'A->C',R129R,5
16621: 'A->G',R129G,6
16622: 'G->A',R129K,160
16622: 'G->C',R129T,1
16622: 'G->T',R129I,3
16623: 'A->G',R129R,15
16624: 'C->A',L130I,9
16624: 'C->T',L130F,7
16626: 'C->A',L130L,1
16626: 'C->G',L130L,3
16626: 'C->T',L130L,691
16627: 'A->G',K131E,1
16628: 'A->G',K131R,35
16629: 'G->A',K131K,44
16629: 'G->T',K131N,5
16630: 'C->A',L132I,1
16632: 'T->C',L132L,124
16632: 'T->G',L132L,4
16633: 'T->A',F133I,2
16635: 'T->C',F133F,38
16636: 'G->T',A134S,90
16637: 'C->G',A134G,29
16638: 'A->C',A134A,1
16638: 'A->G',A134A,63
16638: 'A->T',A134A,35
16639: 'G->A',A135T,1
16639: 'G->T',A135S,68
16640: 'C->A',A135E,4
16640: 'C->T',A135V,12
16641: 'A->C',A135A,3
16641: 'A->G',A135A,43
16641: 'A->T',A135A,142
16644: 'A->G',E136E,122
16646: 'C->T',T137M,54
16647: 'G->A',T137T,588
16647: 'G->C',T137T,60
16647: 'G->T',T137T,8559
16648: 'C->A',L138I,7
16650: 'C->A',L138L,22
16650: 'C->T',L138L,1584
16652: 'A->G',K139R,19
16653: 'A->G',K139K,86
16654: 'G->A',A140T,18
16654: 'G->T',A140S,29
16655: 'C->T',A140V,21
16656: 'T->A',A140A,3
16656: 'T->C',A140A,569
16656: 'T->G',A140A,1
16657: 'A->G',T141A,1
16657: 'A->T',T141S,1
16658: 'C->A',T141N,82
16658: 'C->G',T141S,4
16658: 'C->T',T141I,1432
16659: 'T->A',T141T,61
16659: 'T->C',T141T,44
16659: 'T->G',T141T,9
16661: 'A->T',E142V,2
16662: 'G->A',E142E,156
16665: 'G->A',E143E,51
16665: 'G->C',E143D,1
16667: 'C->T',T144I,161
16668: 'A->C',T144T,1
16668: 'A->G',T144T,72
16668: 'A->T',T144T,2
16669: 'T->C',F145L,8
16669: 'T->G',F145V,20
16670: 'T->C',F145S,3
16671: 'T->A',F145L,1
16671: 'T->C',F145F,197
16673: 'A->G',K146R,1
16674: 'A->G',K146K,36
16675: 'C->A',L147M,9
16675: 'C->T',L147L,196
16676: 'T->G',L147R,3
16677: 'G->A',L147L,74
16677: 'G->T',L147L,49
16678: 'T->A',S148T,3
16679: 'C->A',S148Y,6
16679: 'C->T',S148F,28
16680: 'T->C',S148S,57
16680: 'T->G',S148S,8
16682: 'A->G',Y149C,31
16682: 'A->T',Y149F,17
16683: 'T->C',Y149Y,347
16684: 'G->A',G150S,20
16686: 'T->C',G150G,13
16687: 'A->C',I151L,1
16687: 'A->G',I151V,632
16687: 'A->T',I151F,4
16688: 'T->A',I151N,2
16688: 'T->C',I151T,11
16688: 'T->G',I151S,102
16689: 'T->A',I151I,7
16689: 'T->C',I151I,12
16690: 'G->C',A152P,1
16690: 'G->T',A152S,2
16691: 'C->T',A152V,10
16692: 'T->C',A152A,378
16693: 'A->G',T153A,5
16694: 'C->A',T153N,5
16694: 'C->T',T153I,1578
16695: 'T->A',T153T,28
16695: 'T->C',T153T,78
16695: 'T->G',T153T,2
16696: 'G->A',V154I,16
16696: 'G->T',V154L,237
16697: 'T->C',V154A,34
16698: 'A->C',V154V,1
16698: 'A->G',V154V,45
16698: 'A->T',V154V,2
16699: 'C->A',R155S,17
16699: 'C->T',R155C,185
16700: 'G->A',R155H,55
16700: 'G->T',R155L,85
16701: 'T->C',R155R,51
16701: 'T->G',R155R,1
16703: 'A->G',E156G,2
16704: 'A->C',E156D,14
16704: 'A->G',E156E,53
16704: 'A->T',E156D,13
16705: 'G->A',V157M,27
16705: 'G->T',V157L,175
16706: 'T->C',V157A,3
16707: 'G->A',V157V,20
16707: 'G->T',V157V,83
16708: 'C->A',L158M,23
16708: 'C->G',L158V,21
16708: 'C->T',L158L,489
16709: 'T->A',L158Q,1
16709: 'T->C',L158P,2
16710: 'G->A',L158L,259
16710: 'G->T',L158L,122
16711: 'T->A',S159T,1
16711: 'T->G',S159A,6
16712: 'C->A',S159Y,1
16712: 'C->T',S159F,14
16713: 'T->A',S159S,15
16713: 'T->C',S159S,49
16713: 'T->G',S159S,15
16716: 'C->G',D160E,398
16716: 'C->T',D160D,533
16717: 'A->C',R161R,7
16717: 'A->G',R161G,1
16718: 'G->A',R161K,72
16719: 'A->G',R161R,87
16720: 'G->A',E162K,52
16721: 'A->C',E162A,17
16722: 'A->C',E162D,4
16722: 'A->G',E162E,54
16722: 'A->T',E162D,1
16723: 'T->C',L163L,41
16723: 'T->G',L163V,2
16724: 'T->C',L163S,3
16725: 'A->G',L163L,94
16726: 'C->G',H164D,2
16726: 'C->T',H164Y,7927
16727: 'A->G',H164R,6
16728: 'T->A',H164Q,3
16728: 'T->C',H164H,187
16728: 'T->G',H164Q,159
16729: 'C->A',L165I,5
16729: 'C->G',L165V,1
16729: 'C->T',L165F,22
16731: 'T->A',L165L,1
16731: 'T->C',L165L,56
16731: 'T->G',L165L,3
16732: 'T->A',S166T,2
16732: 'T->G',S166A,9
16733: 'C->T',S166L,2819
16734: 'A->C',S166S,6
16734: 'A->G',S166S,117
16734: 'A->T',S166S,6
16735: 'T->C',W167R,1
16738: 'G->C',E168Q,10
16739: 'A->C',E168A,9
16739: 'A->G',E168G,7
16740: 'A->C',E168D,22
16740: 'A->G',E168E,19
16740: 'A->T',E168D,8
16741: 'G->A',V169I,385
16741: 'G->C',V169L,2
16741: 'G->T',V169F,1353
16742: 'T->A',V169D,4
16742: 'T->C',V169A,16
16742: 'T->G',V169G,82
16743: 'T->A',V169V,12
16743: 'T->C',V169V,345
16744: 'G->A',G170S,175
16744: 'G->C',G170R,2
16744: 'G->T',G170C,26
16745: 'G->A',G170D,45
16745: 'G->C',G170A,4
16745: 'G->T',G170V,18
16746: 'T->A',G170G,2
16746: 'T->C',G170G,131
16747: 'A->C',K171Q,2
16748: 'A->G',K171R,996
16749: 'A->C',K171N,3
16749: 'A->G',K171K,6
16750: 'C->A',P172T,6
16750: 'C->T',P172S,1510
16751: 'C->A',P172H,240
16751: 'C->G',P172R,2
16751: 'C->T',P172L,77
16752: 'T->A',P172P,2
16752: 'T->C',P172P,84
16752: 'T->G',P172P,3
16753: 'A->C',R173R,2
16754: 'G->A',R173K,15
16754: 'G->C',R173T,2
16755: 'A->C',R173S,2
16755: 'A->G',R173R,259
16756: 'C->A',P174T,1
16756: 'C->T',P174S,336
16757: 'C->A',P174Q,2
16757: 'C->T',P174L,1
16758: 'A->G',P174P,8
16758: 'A->T',P174P,2
16759: 'C->A',P175T,1
16759: 'C->G',P175A,4
16759: 'C->T',P175S,28
16760: 'C->A',P175Q,2
16760: 'C->T',P175L,7
16761: 'A->C',P175P,19
16761: 'A->G',P175P,15
16761: 'A->T',P175P,25
16762: 'C->G',L176V,4
16762: 'C->T',L176F,831
16763: 'T->G',L176R,2
16764: 'T->A',L176L,3
16764: 'T->C',L176L,263
16766: 'A->G',N177S,4
16767: 'C->T',N177N,1822
16768: 'C->A',R178R,29
16770: 'A->C',R178R,11
16770: 'A->G',R178R,60
16770: 'A->T',R178R,4
16773: 'T->C',N179N,29
16775: 'A->G',Y180C,95
16776: 'T->C',Y180Y,98
16777: 'G->A',V181I,1
16777: 'G->T',V181F,35
16779: 'C->A',V181V,21
16779: 'C->T',V181V,149
16780: 'T->C',F182L,5
16782: 'T->C',F182F,34
16784: 'C->T',T183I,33
16785: 'T->A',T183T,112
16785: 'T->C',T183T,41
16785: 'T->G',T183T,3
16786: 'G->A',G184S,4
16786: 'G->T',G184C,5
16787: 'G->A',G184D,9
16787: 'G->C',G184A,12
16787: 'G->T',G184V,3
16788: 'T->C',G184G,51
16788: 'T->G',G184G,6
16789: 'T->C',Y185H,2
16790: 'A->G',Y185C,5
16790: 'A->T',Y185F,1
16791: 'T->C',Y185Y,65
16792: 'C->T',R186C,48
16793: 'G->A',R186H,50
16793: 'G->T',R186L,1
16794: 'T->A',R186R,3
16794: 'T->C',R186R,312
16795: 'G->A',V187I,14
16795: 'G->C',V187L,7
16795: 'G->T',V187L,714
16796: 'T->C',V187A,2
16797: 'A->C',V187V,25
16797: 'A->G',V187V,31
16797: 'A->T',V187V,1
16798: 'A->C',T188P,1
16798: 'A->G',T188A,65
16799: 'C->A',T188N,21
16800: 'T->C',T188T,58
16800: 'T->G',T188T,1
16802: 'A->C',K189T,2
16802: 'A->G',K189R,20
16803: 'A->C',K189N,1
16803: 'A->G',K189K,20
16804: 'A->C',N190H,1
16804: 'A->G',N190D,8
16806: 'C->T',N190N,2263
16807: 'A->T',S191C,2
16808: 'G->A',S191N,7
16809: 'T->C',S191S,10
16812: 'A->G',K192K,27
16813: 'G->A',V193I,169
16813: 'G->T',V193L,396
16814: 'T->C',V193A,22
16815: 'A->C',V193V,1
16815: 'A->G',V193V,19
16816: 'C->A',Q194K,7
16817: 'A->C',Q194P,2
16818: 'A->C',Q194H,1
16818: 'A->G',Q194Q,15
16819: 'A->C',I195L,2
16819: 'A->G',I195V,14
16819: 'A->T',I195L,5
16820: 'T->C',I195T,371
16821: 'A->G',I195M,48
16823: 'G->T',G196V,1
16824: 'A->C',G196G,8
16824: 'A->G',G196G,152
16824: 'A->T',G196G,160
16826: 'A->G',E197G,2
16827: 'G->A',E197E,1733
16827: 'G->T',E197D,12
16828: 'T->C',Y198H,6
16829: 'A->G',Y198C,13
16830: 'C->T',Y198Y,287
16831: 'A->G',T199A,6
16832: 'C->A',T199N,17
16832: 'C->T',T199I,2
16833: 'C->A',T199T,36
16833: 'C->T',T199T,486
16836: 'T->A',F200L,8
16836: 'T->C',F200F,38
16836: 'T->G',F200L,1
16838: 'A->C',E201A,8
16838: 'A->G',E201G,13
16839: 'A->C',E201D,3
16839: 'A->G',E201E,61
16839: 'A->T',E201D,5
16840: 'A->C',K202Q,99
16841: 'A->G',K202R,3
16842: 'A->G',K202K,135
16843: 'G->A',G203S,20
16843: 'G->T',G203C,153
16844: 'G->A',G203D,6
16844: 'G->C',G203A,1
16844: 'G->T',G203V,45
16845: 'T->C',G203G,154
16845: 'T->G',G203G,48
16846: 'G->A',D204N,48
16846: 'G->T',D204Y,243
16847: 'A->C',D204A,44
16847: 'A->G',D204G,1
16848: 'C->A',D204E,19
16848: 'C->T',D204D,160
16849: 'T->A',Y205N,46
16849: 'T->C',Y205H,1
16850: 'A->C',Y205S,1
16850: 'A->T',Y205F,2
16851: 'T->C',Y205Y,153
16852: 'G->A',G206S,49
16852: 'G->C',G206R,237
16852: 'G->T',G206C,2377
16853: 'G->A',G206D,78
16853: 'G->C',G206A,3
16853: 'G->T',G206V,861
16854: 'T->A',G206G,386
16854: 'T->C',G206G,11
16854: 'T->G',G206G,2
16855: 'G->A',D207N,8
16855: 'G->C',D207H,1
16855: 'G->T',D207Y,69
16856: 'A->C',D207A,4
16856: 'A->G',D207G,88
16857: 'T->A',D207E,21
16857: 'T->C',D207D,924
16857: 'T->G',D207E,3
16858: 'G->A',A208T,47
16858: 'G->C',A208P,1
16858: 'G->T',A208S,20
16859: 'C->A',A208D,1
16859: 'C->T',A208V,300
16860: 'T->A',A208A,30
16860: 'T->C',A208A,64
16861: 'G->A',V209I,45
16861: 'G->T',V209F,32
16862: 'T->C',V209A,7
16862: 'T->G',V209G,2
16863: 'T->A',V209V,6
16863: 'T->C',V209V,32
16863: 'T->G',V209V,3
16864: 'G->A',V210I,1472
16864: 'G->C',V210L,2
16864: 'G->T',V210F,50
16865: 'T->G',V210G,7
16866: 'T->A',V210V,2
16866: 'T->C',V210V,72
16866: 'T->G',V210V,5
16867: 'T->C',Y211H,5
16868: 'A->G',Y211C,28
16868: 'A->T',Y211F,1
16869: 'C->T',Y211Y,544
16870: 'C->A',R212R,85
16870: 'C->G',R212G,4
16871: 'G->A',R212Q,66
16871: 'G->C',R212P,2
16871: 'G->T',R212L,6
16872: 'A->C',R212R,22
16872: 'A->G',R212R,121
16873: 'G->A',G213S,87
16873: 'G->T',G213C,2
16875: 'T->C',G213G,19
16876: 'A->G',T214A,55
16877: 'C->T',T214I,1360
16878: 'A->C',T214T,3
16878: 'A->G',T214T,19
16878: 'A->T',T214T,65
16879: 'A->C',T215P,1
16879: 'A->G',T215A,21
16880: 'C->T',T215I,5
16881: 'A->G',T215T,216
16881: 'A->T',T215T,2
16882: 'A->C',T216P,1
16882: 'A->G',T216A,10
16883: 'C->A',T216N,52
16883: 'C->T',T216I,35
16884: 'T->A',T216T,1
16884: 'T->C',T216T,32
16884: 'T->G',T216T,35
16885: 'T->A',Y217N,29
16885: 'T->C',Y217H,15
16886: 'A->G',Y217C,4
16887: 'C->T',Y217Y,22703
16889: 'A->G',K218R,17100
16890: 'A->G',K218K,65
16891: 'T->C',L219L,63
16891: 'T->G',L219V,3
16892: 'T->C',L219S,1
16893: 'A->G',L219L,19
16895: 'A->C',N220T,3
16895: 'A->G',N220S,296
16896: 'T->C',N220N,47
16897: 'G->A',V221I,39
16897: 'G->C',V221L,4
16897: 'G->T',V221F,87
16898: 'T->C',V221A,17
16898: 'T->G',V221G,11
16899: 'T->A',V221V,11
16899: 'T->C',V221V,64
16899: 'T->G',V221V,3
16900: 'G->A',G222S,605
16900: 'G->C',G222R,8
16900: 'G->T',G222C,82
16901: 'G->A',G222D,86
16902: 'T->C',G222G,49
16903: 'G->T',D223Y,1
16905: 'T->C',D223D,98
16906: 'T->A',Y224N,1
16906: 'T->C',Y224H,35
16907: 'A->G',Y224C,52
16908: 'T->C',Y224Y,164
16909: 'T->A',F225I,1
16909: 'T->C',F225L,5
16910: 'T->G',F225C,3
16911: 'T->C',F225F,72
16911: 'T->G',F225L,1
16912: 'G->A',V226M,9
16912: 'G->T',V226L,1212
16913: 'T->A',V226E,1
16913: 'T->C',V226A,4
16914: 'G->A',V226V,38
16914: 'G->C',V226V,2
16914: 'G->T',V226V,1029
16915: 'C->A',L227M,2
16915: 'C->T',L227L,7924
16916: 'T->C',L227P,1
16916: 'T->G',L227R,1
16917: 'G->A',L227L,483
16917: 'G->C',L227L,1
16917: 'G->T',L227L,1047
16918: 'A->G',T228A,8
16920: 'A->C',T228T,6
16920: 'A->G',T228T,131
16920: 'A->T',T228T,5
16922: 'C->T',S229L,1
16923: 'A->G',S229S,1958
16923: 'A->T',S229S,7
16925: 'A->G',H230R,6
16926: 'T->C',H230H,199
16927: 'A->G',T231A,2
16928: 'C->T',T231I,79
16929: 'A->C',T231T,47
16929: 'A->G',T231T,46
16929: 'A->T',T231T,4
16930: 'G->A',V232I,45
16932: 'A->C',V232V,1
16932: 'A->G',V232V,2088
16932: 'A->T',V232V,19
16933: 'A->G',M233V,31
16934: 'T->A',M233K,2
16934: 'T->C',M233T,3
16934: 'T->G',M233R,1
16935: 'G->A',M233I,18
16935: 'G->C',M233I,2
16935: 'G->T',M233I,1164
16936: 'C->T',P234S,37
16937: 'C->A',P234Q,2
16937: 'C->T',P234L,9
16938: 'A->C',P234P,4
16938: 'A->G',P234P,329
16938: 'A->T',P234P,25
16939: 'T->C',L235L,868
16941: 'A->G',L235L,56
16941: 'A->T',L235F,2
16942: 'A->C',S236R,1
16942: 'A->G',S236G,130
16942: 'A->T',S236C,2
16943: 'G->A',S236N,22
16943: 'G->C',S236T,4
16943: 'G->T',S236I,743
16944: 'T->A',S236R,1
16944: 'T->C',S236S,123
16945: 'G->A',A237T,38
16945: 'G->T',A237S,96
16946: 'C->T',A237V,210
16947: 'A->C',A237A,1
16947: 'A->G',A237A,24
16947: 'A->T',A237A,7
16948: 'C->A',P238T,22
16948: 'C->T',P238S,508
16949: 'C->A',P238H,5
16949: 'C->T',P238L,44
16950: 'T->A',P238P,91
16950: 'T->C',P238P,110
16950: 'T->G',P238P,4
16951: 'A->G',T239A,3
16951: 'A->T',T239S,1
16952: 'C->T',T239I,1325
16953: 'A->C',T239T,4
16953: 'A->G',T239T,60
16954: 'C->A',L240I,6
16954: 'C->T',L240L,1607
16956: 'A->G',L240L,166
16956: 'A->T',L240L,1
16957: 'G->A',V241M,17
16957: 'G->T',V241L,110
16958: 'T->A',V241E,5
16958: 'T->C',V241A,39
16959: 'G->A',V241V,30
16959: 'G->C',V241V,3
16959: 'G->T',V241V,32
16960: 'C->A',P242T,7
16960: 'C->T',P242S,34
16961: 'C->T',P242L,36
16962: 'A->C',P242P,3
16962: 'A->G',P242P,172
16965: 'A->G',Q243Q,108
16966: 'G->A',E244K,7
16967: 'A->C',E244A,6
16967: 'A->G',E244G,31
16968: 'G->A',E244E,171
16968: 'G->C',E244D,1
16968: 'G->T',E244D,1211
16969: 'C->A',H245N,3
16969: 'C->G',H245D,1
16969: 'C->T',H245Y,65
16970: 'A->G',H245R,155
16971: 'C->A',H245Q,26
16971: 'C->G',H245Q,4
16971: 'C->T',H245H,54
16972: 'T->A',Y246N,1
16972: 'T->C',Y246H,5
16973: 'A->G',Y246C,17
16974: 'T->C',Y246Y,27
16975: 'G->A',V247I,38
16975: 'G->C',V247L,1
16975: 'G->T',V247F,926
16976: 'T->A',V247D,3
16976: 'T->C',V247A,14
16977: 'T->A',V247V,2
16977: 'T->C',V247V,28
16978: 'A->C',R248R,2
16978: 'A->G',R248G,74
16979: 'G->A',R248K,109
16979: 'G->C',R248T,12
16979: 'G->T',R248I,53
16980: 'A->G',R248R,72
16980: 'A->T',R248S,1
16981: 'A->C',I249L,1
16981: 'A->G',I249V,45
16982: 'T->C',I249T,1
16983: 'T->A',I249I,10
16983: 'T->C',I249I,66
16983: 'T->G',I249M,4
16984: 'A->G',T250A,24
16984: 'A->T',T250S,1
16985: 'C->A',T250N,50
16985: 'C->G',T250S,1
16985: 'C->T',T250I,1277
16986: 'T->A',T250T,45
16986: 'T->C',T250T,1459
16986: 'T->G',T250T,7
16987: 'G->A',G251S,841
16987: 'G->T',G251C,4
16988: 'G->T',G251V,2
16989: 'C->A',G251G,4
16989: 'C->T',G251G,186
16990: 'T->C',L252L,98
16990: 'T->G',L252V,3
16992: 'A->G',L252L,119
16993: 'T->A',Y253N,27
16993: 'T->C',Y253H,784
16994: 'A->G',Y253C,1
16995: 'C->T',Y253Y,320
16996: 'C->A',P254T,180
16996: 'C->G',P254A,24
16996: 'C->T',P254S,38
16997: 'C->A',P254Q,30
16997: 'C->T',P254L,391
16998: 'A->C',P254P,6
16998: 'A->G',P254P,76
16998: 'A->T',P254P,30
16999: 'A->G',T255A,20
17000: 'C->T',T255I,176
17001: 'A->C',T255T,3
17001: 'A->G',T255T,87
17001: 'A->T',T255T,1
17002: 'C->A',L256I,9
17002: 'C->G',L256V,1
17002: 'C->T',L256F,1265
17004: 'C->A',L256L,182
17004: 'C->T',L256L,3635
17005: 'A->C',N257H,5
17005: 'A->G',N257D,1
17005: 'A->T',N257Y,1
17006: 'A->G',N257S,5
17006: 'A->T',N257I,2
17007: 'T->C',N257N,605
17008: 'A->G',I258V,302
17008: 'A->T',I258F,2
17009: 'T->C',I258T,119
17009: 'T->G',I258S,120
17010: 'C->A',I258I,86
17010: 'C->G',I258M,1
17010: 'C->T',I258I,2219
17011: 'T->A',S259T,5
17011: 'T->C',S259P,35
17011: 'T->G',S259A,12
17012: 'C->T',S259L,3918
17013: 'A->C',S259S,2
17013: 'A->G',S259S,79
17013: 'A->T',S259S,15
17014: 'G->A',D260N,55
17014: 'G->C',D260H,22
17014: 'G->T',D260Y,23118
17015: 'A->C',D260A,2
17015: 'A->G',D260G,24
17015: 'A->T',D260V,1
17016: 'T->C',D260D,99
17016: 'T->G',D260E,8
17017: 'G->A',E261K,4
17018: 'A->C',E261A,11
17018: 'A->G',E261G,38
17018: 'A->T',E261V,1
17019: 'G->A',E261E,124
17019: 'G->C',E261D,83
17019: 'G->T',E261D,37108
17020: 'T->C',F262L,9
17020: 'T->G',F262V,2
17021: 'T->C',F262S,6
17021: 'T->G',F262C,2
17022: 'T->A',F262L,1
17022: 'T->C',F262F,12
17022: 'T->G',F262L,1
17023: 'T->A',S263T,7
17023: 'T->C',S263P,64
17024: 'C->G',S263C,2
17024: 'C->T',S263F,106
17025: 'T->A',S263S,2
17025: 'T->C',S263S,44
17025: 'T->G',S263S,3
17026: 'A->C',S264R,1
17026: 'A->G',S264G,22
17026: 'A->T',S264C,4
17027: 'G->A',S264N,355
17027: 'G->T',S264I,47
17028: 'C->T',S264S,162
17029: 'A->G',N265D,4
17029: 'A->T',N265Y,13
17030: 'A->C',N265T,34
17030: 'A->G',N265S,331
17030: 'A->T',N265I,2
17031: 'T->A',N265K,3
17031: 'T->C',N265N,54
17032: 'G->A',V266I,24
17032: 'G->T',V266F,87
17033: 'T->C',V266A,34
17034: 'T->A',V266V,53
17034: 'T->C',V266V,40
17034: 'T->G',V266V,37
17035: 'G->A',A267T,18
17035: 'G->T',A267S,93
17036: 'C->T',A267V,196
17037: 'A->C',A267A,3
17037: 'A->G',A267A,35
17037: 'A->T',A267A,84
17038: 'A->C',N268H,144
17039: 'A->C',N268T,25
17039: 'A->G',N268S,143
17039: 'A->T',N268I,1
17040: 'T->A',N268K,2
17040: 'T->C',N268N,69000
17040: 'T->G',N268K,53
17041: 'T->C',Y269H,11
17042: 'A->G',Y269C,50
17043: 'T->C',Y269Y,197
17045: 'A->C',Q270P,2
17045: 'A->G',Q270R,1
17045: 'A->T',Q270L,3
17046: 'A->C',Q270H,3
17046: 'A->G',Q270Q,41
17047: 'A->C',K271Q,57
17047: 'A->G',K271E,11
17048: 'A->C',K271T,3
17048: 'A->G',K271R,21
17049: 'G->A',K271K,26
17049: 'G->C',K271N,2
17049: 'G->T',K271N,198
17050: 'G->A',V272I,424
17050: 'G->C',V272L,1
17050: 'G->T',V272F,17
17051: 'T->C',V272A,3
17052: 'T->A',V272V,76
17052: 'T->C',V272V,18
17052: 'T->G',V272V,4
17053: 'G->A',G273S,2
17055: 'T->C',G273G,18
17056: 'A->G',M274V,204
17056: 'A->T',M274L,24
17057: 'T->A',M274K,10
17057: 'T->C',M274T,24
17057: 'T->G',M274R,2
17058: 'G->A',M274I,75
17058: 'G->C',M274I,4
17058: 'G->T',M274I,2035
17059: 'C->A',Q275K,10
17060: 'A->G',Q275R,25
17060: 'A->T',Q275L,189
17061: 'A->C',Q275H,6
17061: 'A->G',Q275Q,70
17061: 'A->T',Q275H,1
17062: 'A->C',K276Q,8
17063: 'A->C',K276T,2
17063: 'A->G',K276R,205
17064: 'G->A',K276K,37
17064: 'G->T',K276N,424
17065: 'T->C',Y277H,45
17066: 'A->G',Y277C,277
17066: 'A->T',Y277F,12
17067: 'T->C',Y277Y,122
17068: 'T->A',S278T,7
17068: 'T->G',S278A,26
17069: 'C->A',S278Y,3
17069: 'C->T',S278F,59
17070: 'T->A',S278S,15
17070: 'T->C',S278S,169
17070: 'T->G',S278S,4
17071: 'A->G',T279A,11
17071: 'A->T',T279S,3
17072: 'C->T',T279I,24
17073: 'A->C',T279T,68
17073: 'A->G',T279T,28
17074: 'C->A',L280I,59
17074: 'C->T',L280F,237
17075: 'T->A',L280H,4
17076: 'C->A',L280L,12
17076: 'C->T',L280L,56
17077: 'C->A',Q281K,6
17077: 'C->G',Q281E,2
17078: 'A->G',Q281R,111
17079: 'G->A',Q281Q,1579
17079: 'G->T',Q281H,23
17082: 'A->C',G282G,3
17082: 'A->G',G282G,523
17082: 'A->T',G282G,4
17083: 'C->T',P283S,5
17085: 'A->C',P283P,1
17085: 'A->G',P283P,33
17085: 'A->T',P283P,5
17087: 'C->T',P284L,1
17088: 'T->A',P284P,21
17088: 'T->C',P284P,26
17088: 'T->G',P284P,5
17089: 'G->T',G285C,2
17091: 'T->A',G285G,2
17091: 'T->C',G285G,84
17094: 'T->A',T286T,13
17094: 'T->C',T286T,11
17094: 'T->G',T286T,35
17096: 'G->T',G287V,2
17097: 'T->C',G287G,23
17099: 'A->T',K288M,1
17100: 'G->A',K288K,27
17101: 'A->G',S289G,1
17103: 'T->C',S289S,80
17104: 'C->T',H290Y,14558
17105: 'A->G',H290R,55
17105: 'A->T',H290L,4
17106: 'T->C',H290H,33
17106: 'T->G',H290Q,2
17107: 'T->A',F291I,4
17107: 'T->C',F291L,3
17107: 'T->G',F291V,4
17108: 'T->A',F291Y,27
17108: 'T->G',F291C,54
17109: 'T->C',F291F,24
17109: 'T->G',F291L,62
17110: 'G->A',A292T,10
17110: 'G->T',A292S,266
17111: 'C->T',A292V,21
17112: 'T->A',A292A,19
17112: 'T->C',A292A,38
17113: 'A->G',I293V,40
17114: 'T->C',I293T,41
17114: 'T->G',I293S,2
17115: 'T->A',I293I,52
17115: 'T->C',I293I,99
17115: 'T->G',I293M,2
17116: 'G->A',G294S,71
17116: 'G->T',G294C,3
17117: 'G->A',G294D,3
17117: 'G->T',G294V,2
17118: 'C->A',G294G,21
17118: 'C->T',G294G,230
17119: 'C->A',L295I,147
17119: 'C->G',L295V,1
17119: 'C->T',L295L,1617
17120: 'T->A',L295Q,1
17120: 'T->C',L295P,1
17121: 'A->C',L295L,12
17121: 'A->G',L295L,45
17121: 'A->T',L295L,74
17122: 'G->A',A296T,990
17122: 'G->C',A296P,7
17122: 'G->T',A296S,7438
17123: 'C->G',A296G,1
17123: 'C->T',A296V,105
17124: 'T->A',A296A,1
17124: 'T->C',A296A,257
17124: 'T->G',A296A,85
17125: 'C->A',L297I,42
17125: 'C->G',L297V,168
17125: 'C->T',L297F,1541
17126: 'T->A',L297H,199
17126: 'T->C',L297P,174
17127: 'C->A',L297L,116
17127: 'C->T',L297L,292
17129: 'A->G',Y298C,7
17130: 'C->T',Y298Y,153
17131: 'T->A',Y299N,1
17132: 'A->G',Y299C,7
17133: 'C->T',Y299Y,79
17134: 'C->A',P300T,17
17134: 'C->T',P300S,325
17135: 'C->A',P300H,144
17135: 'C->G',P300R,6
17135: 'C->T',P300L,2302
17136: 'T->A',P300P,20
17136: 'T->C',P300P,36
17136: 'T->G',P300P,12
17137: 'T->A',S301T,9
17137: 'T->C',S301P,102
17137: 'T->G',S301A,1
17138: 'C->A',S301Y,14
17138: 'C->T',S301F,242
17139: 'T->A',S301S,382
17139: 'T->C',S301S,101
17139: 'T->G',S301S,3
17140: 'G->A',A302T,16
17140: 'G->T',A302S,123
17141: 'C->A',A302D,6
17141: 'C->G',A302G,1
17141: 'C->T',A302V,13
17142: 'T->A',A302A,246
17142: 'T->C',A302A,96
17142: 'T->G',A302A,21
17143: 'C->T',R303C,35
17144: 'G->A',R303H,253
17144: 'G->T',R303L,30
17145: 'C->A',R303R,35
17145: 'C->G',R303R,2
17145: 'C->T',R303R,109
17146: 'A->C',I304L,21
17146: 'A->G',I304V,37
17146: 'A->T',I304L,89
17147: 'T->C',I304T,26
17148: 'A->C',I304I,1
17148: 'A->G',I304M,318
17148: 'A->T',I304I,19
17149: 'G->A',V305M,61
17149: 'G->T',V305L,44
17150: 'T->C',V305A,29
17151: 'G->T',V305V,34
17153: 'A->G',Y306C,133
17153: 'A->T',Y306F,1
17154: 'T->C',Y306Y,591
17155: 'A->G',T307A,7
17156: 'C->T',T307I,619
17157: 'A->G',T307T,37
17158: 'G->A',A308T,2
17158: 'G->T',A308S,9
17159: 'C->T',A308V,2
17160: 'T->A',A308A,4
17160: 'T->C',A308A,28
17160: 'T->G',A308A,12
17163: 'C->T',C309C,171
17164: 'T->G',S310A,16
17165: 'C->T',S310F,1
17166: 'T->A',S310S,5
17166: 'T->C',S310S,64
17166: 'T->G',S310S,3
17168: 'A->T',H311L,1
17169: 'T->C',H311H,85
17170: 'G->A',A312T,9
17170: 'G->C',A312P,1
17170: 'G->T',A312S,1
17171: 'C->A',A312D,1
17171: 'C->T',A312V,1
17172: 'C->A',A312A,283
17172: 'C->T',A312A,1129
17173: 'G->C',A313P,1
17175: 'T->A',A313A,4
17175: 'T->C',A313A,83
17176: 'G->A',V314I,3
17178: 'T->A',V314V,40
17178: 'T->C',V314V,187
17178: 'T->G',V314V,231
17179: 'G->A',D315N,2
17179: 'G->T',D315Y,55
17181: 'T->C',D315D,650
17182: 'G->A',A316T,87
17184: 'A->C',A316A,63
17184: 'A->G',A316A,14
17184: 'A->T',A316A,29
17185: 'C->A',L317I,20
17185: 'C->T',L317L,33
17187: 'A->C',L317L,1
17187: 'A->G',L317L,351
17187: 'A->T',L317L,2
17190: 'T->C',C318C,54
17191: 'G->A',E319K,4
17192: 'A->C',E319A,65
17192: 'A->G',E319G,121
17192: 'A->T',E319V,9
17193: 'G->A',E319E,101
17193: 'G->C',E319D,2
17193: 'G->T',E319D,4495
17195: 'A->G',K320R,4
17196: 'G->A',K320K,72
17197: 'G->A',A321T,7
17197: 'G->T',A321S,32
17199: 'A->C',A321A,15
17199: 'A->G',A321A,38
17199: 'A->T',A321A,113
17200: 'T->A',L322I,5
17200: 'T->C',L322L,20
17200: 'T->G',L322V,11
17201: 'T->C',L322S,40
17202: 'A->G',L322L,21
17203: 'A->C',K323Q,1
17203: 'A->G',K323E,10
17204: 'A->C',K323T,5
17204: 'A->G',K323R,125
17204: 'A->T',K323I,2
17205: 'A->C',K323N,7
17205: 'A->G',K323K,143
17205: 'A->T',K323N,4
17206: 'T->A',Y324N,3
17206: 'T->C',Y324H,97
17207: 'A->C',Y324S,2
17207: 'A->G',Y324C,158
17207: 'A->T',Y324F,15
17208: 'T->C',Y324Y,111
17209: 'T->A',L325M,1
17209: 'T->C',L325L,4
17209: 'T->G',L325V,19
17211: 'G->A',L325L,22
17211: 'G->T',L325F,271
17212: 'C->T',P326S,11
17213: 'C->A',P326H,14
17213: 'C->T',P326L,174
17214: 'T->C',P326P,166
17214: 'T->G',P326P,6
17215: 'A->C',I327L,4
17215: 'A->G',I327V,27
17217: 'A->T',I327I,1
17218: 'G->A',D328N,103
17218: 'G->T',D328Y,40
17219: 'A->C',D328A,56
17219: 'A->G',D328G,23
17220: 'T->C',D328D,59
17221: 'A->G',K329E,1
17222: 'A->G',K329R,33
17222: 'A->T',K329I,1
17223: 'A->G',K329K,57
17226: 'T->C',C330C,2
17227: 'A->G',S331G,2
17229: 'T->C',S331S,11
17232: 'A->G',R332R,965
17233: 'A->C',I333L,5
17233: 'A->G',I333V,65
17234: 'T->A',I333N,1
17234: 'T->C',I333T,6
17235: 'T->A',I333I,2
17235: 'T->C',I333I,45
17236: 'A->G',I334V,10075
17237: 'T->C',I334T,2
17239: 'C->T',P335S,1
17241: 'T->A',P335P,60
17241: 'T->C',P335P,216
17241: 'T->G',P335P,4
17242: 'G->A',A336T,88
17242: 'G->T',A336S,8
17243: 'C->T',A336V,56
17244: 'A->G',A336A,115
17244: 'A->T',A336A,1
17245: 'C->A',R337S,1
17245: 'C->T',R337C,52
17246: 'G->A',R337H,6
17246: 'G->T',R337L,6
17247: 'T->A',R337R,79
17247: 'T->C',R337R,1162
17247: 'T->G',R337R,14
17248: 'G->A',A338T,7
17248: 'G->C',A338P,1
17248: 'G->T',A338S,8
17249: 'C->T',A338V,218
17250: 'T->A',A338A,4
17250: 'T->C',A338A,148
17250: 'T->G',A338A,11
17251: 'C->A',R339S,1
17251: 'C->T',R339C,38
17252: 'G->A',R339H,93
17252: 'G->T',R339L,166
17253: 'T->C',R339R,32
17253: 'T->G',R339R,4
17254: 'G->A',V340I,33
17255: 'T->C',V340A,1
17256: 'A->G',V340V,133
17256: 'A->T',V340V,52
17257: 'G->A',E341K,1
17258: 'A->C',E341A,7
17259: 'G->A',E341E,15
17259: 'G->C',E341D,10
17259: 'G->T',E341D,50691
17261: 'G->A',C342Y,25
17261: 'G->T',C342F,26
17262: 'T->C',C342C,54
17265: 'T->C',F343F,7
17266: 'G->A',D344N,43
17266: 'G->C',D344H,12
17266: 'G->T',D344Y,10
17267: 'A->C',D344A,2
17267: 'A->G',D344G,389
17267: 'A->T',D344V,3
17268: 'T->A',D344E,14
17268: 'T->C',D344D,134
17268: 'T->G',D344E,2
17270: 'A->G',K345R,23
17271: 'A->C',K345N,1
17271: 'A->G',K345K,48
17274: 'C->T',F346F,494
17275: 'A->C',K347Q,3
17275: 'A->G',K347E,2
17276: 'A->G',K347R,32
17276: 'A->T',K347I,2
17277: 'A->C',K347N,6
17277: 'A->G',K347K,14
17277: 'A->T',K347N,1
17278: 'G->A',V348M,29
17278: 'G->C',V348L,4
17278: 'G->T',V348L,2101
17279: 'T->C',V348A,19
17280: 'G->A',V348V,8
17280: 'G->C',V348V,23
17280: 'G->T',V348V,3312
17283: 'T->C',N349N,43
17284: 'T->A',S350T,2
17284: 'T->C',S350P,2
17284: 'T->G',S350A,9
17285: 'C->T',S350L,1385
17286: 'A->C',S350S,2
17286: 'A->G',S350S,68
17286: 'A->T',S350S,44
17287: 'A->C',T351P,1
17287: 'A->G',T351A,25
17287: 'A->T',T351S,1
17288: 'C->A',T351K,1
17288: 'C->T',T351I,1245
17289: 'A->C',T351T,1
17289: 'A->G',T351T,27
17289: 'A->T',T351T,2
17290: 'T->C',L352L,18
17290: 'T->G',L352V,1
17292: 'A->G',L352L,21
17293: 'G->A',E353K,1
17294: 'A->G',E353G,8
17295: 'A->G',E353E,25
17296: 'C->A',Q354K,4
17297: 'A->G',Q354R,8
17298: 'G->A',Q354Q,15
17298: 'G->T',Q354H,54
17299: 'T->C',Y355H,9
17300: 'A->G',Y355C,19
17300: 'A->T',Y355F,2
17301: 'T->C',Y355Y,96
17302: 'G->A',V356I,6
17302: 'G->T',V356F,618
17303: 'T->A',V356D,1
17303: 'T->C',V356A,11
17303: 'T->G',V356G,4
17304: 'C->A',V356V,45
17304: 'C->G',V356V,57
17304: 'C->T',V356V,3198
17305: 'T->C',F357L,8
17306: 'T->A',F357Y,2
17307: 'T->C',F357F,14
17308: 'T->A',C358S,3
17308: 'T->G',C358G,1
17310: 'T->C',C358C,343
17313: 'T->C',T359T,17
17313: 'T->G',T359T,2
17314: 'G->A',V360I,8
17314: 'G->T',V360L,13
17315: 'T->C',V360A,4
17316: 'A->G',V360V,24
17316: 'A->T',V360V,2
17317: 'A->C',N361H,5
17318: 'A->G',N361S,1
17319: 'T->C',N361N,98
17320: 'G->A',A362T,165
17320: 'G->T',A362S,231
17321: 'C->T',A362V,19
17322: 'A->C',A362A,4
17322: 'A->G',A362A,83
17322: 'A->T',A362A,64
17323: 'T->C',L363L,30
17324: 'T->C',L363S,3
17325: 'G->A',L363L,35
17325: 'G->C',L363F,2
17325: 'G->T',L363F,187
17326: 'C->T',P364S,166
17327: 'C->A',P364H,35
17327: 'C->T',P364L,40
17328: 'T->A',P364P,12
17328: 'T->C',P364P,69
17328: 'T->G',P364P,5
17331: 'G->A',E365E,150
17331: 'G->C',E365D,10
17331: 'G->T',E365D,8923
17332: 'A->G',T366A,96
17332: 'A->T',T366S,2
17333: 'C->A',T366K,1
17333: 'C->T',T366M,254
17334: 'G->A',T366T,340
17334: 'G->C',T366T,2
17334: 'G->T',T366T,847
17335: 'A->C',T367P,7
17335: 'A->G',T367A,75
17336: 'C->A',T367K,2
17336: 'C->T',T367I,1025
17337: 'A->C',T367T,17
17337: 'A->G',T367T,8697
17337: 'A->T',T367T,1
17338: 'G->A',A368T,86
17338: 'G->C',A368P,6
17338: 'G->T',A368S,627
17339: 'C->G',A368G,1
17339: 'C->T',A368V,1665
17340: 'A->C',A368A,2
17340: 'A->G',A368A,36
17340: 'A->T',A368A,24
17341: 'G->A',D369N,21
17341: 'G->T',D369Y,5
17342: 'A->C',D369A,8
17342: 'A->G',D369G,21
17343: 'T->C',D369D,284
17343: 'T->G',D369E,57
17344: 'A->C',I370L,15
17344: 'A->G',I370V,1436
17345: 'T->C',I370T,3
17346: 'A->C',I370I,2
17346: 'A->G',I370M,25
17346: 'A->T',I370I,6
17347: 'G->A',V371I,8
17347: 'G->T',V371F,92
17348: 'T->C',V371A,11
17348: 'T->G',V371G,2
17349: 'T->A',V371V,2
17349: 'T->C',V371V,14
17349: 'T->G',V371V,19
17350: 'G->A',V372I,55
17350: 'G->T',V372F,2
17351: 'T->C',V372A,5
17352: 'C->A',V372V,8
17352: 'C->G',V372V,1
17352: 'C->T',V372V,192
17353: 'T->C',F373L,114
17353: 'T->G',F373V,1
17354: 'T->A',F373Y,2
17354: 'T->C',F373S,14
17354: 'T->G',F373C,1
17355: 'T->A',F373L,9
17355: 'T->C',F373F,19
17355: 'T->G',F373L,1
17357: 'A->G',D374G,1
17358: 'T->C',D374D,62
17361: 'A->G',E375E,25
17362: 'A->G',I376V,22
17363: 'T->C',I376T,111
17363: 'T->G',I376S,1
17364: 'T->A',I376I,5
17364: 'T->C',I376I,41
17364: 'T->G',I376M,8
17367: 'A->G',S377S,18
17367: 'A->T',S377S,35
17368: 'A->G',M378V,2
17370: 'G->A',M378I,19
17370: 'G->T',M378I,22
17371: 'G->A',A379T,58
17371: 'G->T',A379S,160
17372: 'C->T',A379V,191
17373: 'C->A',A379A,20
17373: 'C->G',A379A,5
17373: 'C->T',A379A,1735
17374: 'A->G',T380A,2
17374: 'A->T',T380S,1
17375: 'C->T',T380I,333
17376: 'A->G',T380T,69
17376: 'A->T',T380T,4
17377: 'A->G',N381D,3
17379: 'T->C',N381N,30
17380: 'T->C',Y382H,34
17381: 'A->G',Y382C,4
17382: 'T->C',Y382Y,98
17385: 'T->C',D383D,44
17385: 'T->G',D383E,168
17386: 'T->A',L384M,1
17386: 'T->C',L384L,3
17388: 'G->A',L384L,34
17388: 'G->T',L384F,11
17391: 'T->A',S385R,1
17391: 'T->C',S385S,21
17391: 'T->G',S385R,1
17392: 'G->A',V386I,2
17392: 'G->C',V386L,3
17392: 'G->T',V386F,3
17393: 'T->C',V386A,11
17394: 'T->A',V386V,72
17394: 'T->C',V386V,16
17394: 'T->G',V386V,1
17395: 'G->A',V387I,46
17396: 'T->C',V387A,10
17396: 'T->G',V387G,1
17397: 'C->A',V387V,1
17397: 'C->G',V387V,1
17397: 'C->T',V387V,175
17398: 'A->C',N388H,11
17398: 'A->T',N388Y,8
17399: 'A->C',N388T,12
17399: 'A->G',N388S,67
17399: 'A->T',N388I,2
17400: 'T->C',N388N,70
17401: 'G->A',A389T,62
17401: 'G->T',A389S,3
17402: 'C->A',A389D,8
17402: 'C->T',A389V,111
17403: 'C->A',A389A,5
17403: 'C->T',A389A,662
17404: 'A->C',R390R,8
17405: 'G->A',R390K,4
17406: 'A->G',R390R,1136
17407: 'T->C',L391L,866
17407: 'T->G',L391V,3
17408: 'T->C',L391S,38
17409: 'A->G',L391L,74
17410: 'C->A',R392S,16
17410: 'C->G',R392G,7
17410: 'C->T',R392C,3411
17411: 'G->A',R392H,87
17411: 'G->T',R392L,100
17412: 'T->A',R392R,154
17412: 'T->C',R392R,16
17412: 'T->G',R392R,5
17413: 'G->A',A393T,5
17413: 'G->T',A393S,3
17414: 'C->G',A393G,1
17414: 'C->T',A393V,24
17415: 'T->A',A393A,5
17415: 'T->C',A393A,85
17417: 'A->G',K394R,22
17418: 'G->A',K394K,86
17418: 'G->C',K394N,1
17418: 'G->T',K394N,22
17419: 'C->T',H395Y,4
17420: 'A->C',H395P,2
17420: 'A->G',H395R,9
17421: 'C->A',H395Q,1
17421: 'C->T',H395H,531
17422: 'T->C',Y396H,20
17423: 'A->C',Y396S,3
17423: 'A->G',Y396C,58
17423: 'A->T',Y396F,7
17424: 'T->C',Y396Y,58
17425: 'G->A',V397M,149
17425: 'G->T',V397L,20
17426: 'T->C',V397A,138
17427: 'G->A',V397V,70
17427: 'G->C',V397V,1
17427: 'G->T',V397V,5088
17428: 'T->C',Y398H,15
17429: 'A->G',Y398C,53
17430: 'C->T',Y398Y,618
17431: 'A->G',I399V,415
17432: 'T->C',I399T,9
17433: 'T->A',I399I,37
17433: 'T->C',I399I,185
17436: 'C->A',G400G,36
17436: 'C->G',G400G,3
17436: 'C->T',G400G,594
17439: 'C->T',D401D,843
17440: 'C->A',P402T,3
17440: 'C->T',P402S,809
17441: 'C->T',P402L,42
17442: 'T->A',P402P,32
17442: 'T->C',P402P,143
17442: 'T->G',P402P,56
17443: 'G->A',A403T,10
17443: 'G->T',A403S,349
17444: 'C->A',A403D,22
17444: 'C->T',A403V,137
17445: 'T->A',A403A,7
17445: 'T->C',A403A,417
17445: 'T->G',A403A,30
17448: 'A->G',Q404Q,50
17449: 'T->C',L405L,307
17451: 'A->G',L405L,41
17453: 'C->A',P406H,1
17454: 'T->A',P406P,95
17454: 'T->C',P406P,41
17454: 'T->G',P406P,12
17455: 'G->A',A407T,1
17455: 'G->T',A407S,16
17456: 'C->T',A407V,15
17457: 'A->G',A407A,45
17458: 'C->A',P408T,3
17460: 'A->C',P408P,1
17460: 'A->G',P408P,249
17460: 'A->T',P408P,21
17461: 'C->T',R409C,33
17462: 'G->A',R409H,60
17462: 'G->C',R409P,1
17463: 'C->A',R409R,9
17463: 'C->G',R409R,4
17463: 'C->T',R409R,574
17464: 'A->G',T410A,1
17465: 'C->T',T410I,24
17466: 'A->C',T410T,5
17466: 'A->G',T410T,259
17466: 'A->T',T410T,2
17467: 'T->A',L411M,1
17467: 'T->C',L411L,24
17469: 'G->A',L411L,52
17469: 'G->T',L411F,4
17470: 'C->A',L412I,8
17470: 'C->T',L412L,521
17471: 'T->A',L412Q,2
17472: 'A->C',L412L,1
17472: 'A->G',L412L,15
17473: 'A->G',T413A,53
17474: 'C->A',T413N,12
17474: 'C->T',T413I,1322
17475: 'T->A',T413T,2
17475: 'T->C',T413T,16
17477: 'A->G',K414R,96
17478: 'G->A',K414K,3335
17478: 'G->T',K414N,30
17479: 'G->A',G415S,694
17479: 'G->T',G415C,44
17480: 'G->A',G415D,3
17480: 'G->T',G415V,1
17481: 'C->A',G415G,5
17481: 'C->T',G415G,97
17482: 'A->C',T416P,3
17482: 'A->G',T416A,33
17482: 'A->T',T416S,14
17483: 'C->T',T416I,492
17484: 'A->C',T416T,8
17484: 'A->G',T416T,50
17485: 'C->A',L417I,1
17485: 'C->G',L417V,1
17485: 'C->T',L417L,162
17487: 'A->G',L417L,97
17487: 'A->T',L417L,7
17488: 'G->A',E418K,86
17489: 'A->C',E418A,5
17489: 'A->G',E418G,1
17490: 'A->G',E418E,50
17491: 'C->G',P419A,2
17491: 'C->T',P419S,2807
17492: 'C->A',P419Q,1
17492: 'C->T',P419L,3
17493: 'A->C',P419P,12
17493: 'A->G',P419P,53
17493: 'A->T',P419P,83
17494: 'G->A',E420K,14
17494: 'G->C',E420Q,14
17495: 'A->C',E420A,3
17495: 'A->G',E420G,5
17495: 'A->T',E420V,2
17496: 'A->C',E420D,12
17496: 'A->G',E420E,7107
17496: 'A->T',E420D,1
17497: 'T->C',Y421H,184
17498: 'A->G',Y421C,3
17498: 'A->T',Y421F,1
17499: 'T->C',Y421Y,41
17500: 'T->G',F422V,1
17501: 'T->G',F422C,1
17502: 'C->T',F422F,2688
17505: 'T->C',N423N,94
17506: 'T->A',S424T,2
17506: 'T->G',S424A,22
17507: 'C->T',S424L,1
17508: 'A->C',S424S,31
17508: 'A->G',S424S,75
17508: 'A->T',S424S,23
17509: 'G->A',V425M,4
17509: 'G->T',V425L,9
17510: 'T->C',V425A,5
17511: 'G->A',V425V,45
17511: 'G->C',V425V,18
17511: 'G->T',V425V,44
17512: 'T->G',C426G,2
17513: 'G->C',C426S,34
17514: 'T->C',C426C,12
17515: 'A->G',R427G,2
17516: 'G->A',R427K,66
17516: 'G->T',R427I,9
17517: 'A->G',R427R,13
17518: 'C->A',L428I,10
17518: 'C->T',L428F,2565
17520: 'T->A',L428L,1
17520: 'T->C',L428L,23
17521: 'A->G',M429V,93
17522: 'T->C',M429T,4
17523: 'G->A',M429I,24
17523: 'G->C',M429I,9
17523: 'G->T',M429I,3211
17524: 'A->C',K430Q,9
17524: 'A->G',K430E,16
17525: 'A->C',K430T,2
17525: 'A->G',K430R,2
17526: 'A->C',K430N,4
17526: 'A->G',K430K,20
17527: 'A->G',T431A,11
17528: 'C->A',T431N,99
17528: 'C->G',T431S,1
17528: 'C->T',T431I,689
17529: 'T->A',T431T,3
17529: 'T->C',T431T,39
17530: 'A->C',I432L,1
17530: 'A->G',I432V,7
17530: 'A->T',I432L,2
17531: 'T->C',I432T,27
17532: 'A->C',I432I,10
17532: 'A->G',I432M,20
17532: 'A->T',I432I,2
17533: 'G->A',G433S,116
17533: 'G->C',G433R,3
17533: 'G->T',G433C,1096
17534: 'G->A',G433D,1
17534: 'G->T',G433V,1
17535: 'T->C',G433G,15
17536: 'C->A',P434T,3
17536: 'C->T',P434S,43
17537: 'C->T',P434L,2
17538: 'A->C',P434P,3
17538: 'A->G',P434P,75
17538: 'A->T',P434P,94
17539: 'G->A',D435N,150
17539: 'G->C',D435H,1
17539: 'G->T',D435Y,48
17541: 'C->A',D435E,1
17541: 'C->T',D435D,107
17542: 'A->C',M436L,3
17542: 'A->G',M436V,28
17542: 'A->T',M436L,3
17543: 'T->A',M436K,1
17543: 'T->C',M436T,20
17543: 'T->G',M436R,2
17544: 'G->A',M436I,5
17544: 'G->T',M436I,34
17545: 'T->C',F437L,9
17546: 'T->C',F437S,1
17547: 'C->A',F437L,1
17547: 'C->T',F437F,89
17548: 'C->A',L438I,129
17548: 'C->T',L438F,4
17549: 'T->G',L438R,1
17550: 'C->A',L438L,19
17550: 'C->G',L438L,6
17550: 'C->T',L438L,4362
17551: 'G->A',G439R,7859
17551: 'G->C',G439R,2
17552: 'G->A',G439E,17
17552: 'G->T',G439V,13
17553: 'A->C',G439G,11
17553: 'A->G',G439G,180
17553: 'A->T',G439G,5
17554: 'A->G',T440A,14
17555: 'C->A',T440N,26
17555: 'C->T',T440I,356
17556: 'T->A',T440T,8
17556: 'T->C',T440T,34
17556: 'T->G',T440T,35
17557: 'T->A',C441S,11
17557: 'T->G',C441G,2
17559: 'T->C',C441C,28
17560: 'C->A',R442R,36
17560: 'C->T',R442W,2
17561: 'G->A',R442Q,499
17561: 'G->T',R442L,57
17562: 'G->A',R442R,102
17562: 'G->T',R442R,1230
17563: 'C->G',R443G,43
17564: 'G->A',R443H,42
17565: 'T->C',R443R,1347
17565: 'T->G',R443R,7
17566: 'T->A',C444S,14
17567: 'G->A',C444Y,12
17568: 'T->C',C444C,76
17569: 'C->T',P445S,135
17571: 'T->A',P445P,50
17571: 'T->C',P445P,24
17571: 'T->G',P445P,29
17572: 'G->A',A446T,113
17572: 'G->C',A446P,4
17572: 'G->T',A446S,3463
17573: 'C->A',A446D,22
17573: 'C->G',A446G,3
17573: 'C->T',A446V,734
17574: 'T->A',A446A,149
17574: 'T->C',A446A,1407
17574: 'T->G',A446A,7
17575: 'G->A',E447K,1
17575: 'G->C',E447Q,1
17576: 'A->C',E447A,1
17577: 'A->G',E447E,168
17578: 'A->G',I448V,4
17580: 'T->A',I448I,3
17580: 'T->C',I448I,14
17581: 'G->A',V449I,15
17581: 'G->T',V449F,1
17582: 'T->C',V449A,1
17583: 'T->A',V449V,15
17583: 'T->C',V449V,7
17583: 'T->G',V449V,307
17584: 'G->A',D450N,43
17584: 'G->C',D450H,1
17584: 'G->T',D450Y,66
17585: 'A->C',D450A,1
17585: 'A->G',D450G,65
17585: 'A->T',D450V,10
17586: 'C->A',D450E,1
17586: 'C->T',D450D,631
17589: 'T->A',T451T,19
17589: 'T->C',T451T,68
17590: 'G->A',V452M,4
17590: 'G->C',V452L,1
17590: 'G->T',V452L,185
17591: 'T->C',V452A,4
17592: 'G->A',V452V,35
17592: 'G->T',V452V,213
17593: 'A->G',S453G,13
17594: 'G->A',S453N,13
17595: 'T->C',S453S,5
17596: 'G->A',A454T,91
17596: 'G->T',A454S,1
17597: 'C->A',A454D,5
17597: 'C->T',A454V,220
17598: 'T->C',A454A,44
17598: 'T->G',A454A,12
17599: 'T->A',L455M,352
17599: 'T->C',L455L,3
17600: 'T->C',L455S,5
17601: 'G->A',L455L,73
17601: 'G->T',L455F,124
17602: 'G->A',V456I,27
17603: 'T->C',V456A,51
17604: 'T->A',V456V,1
17604: 'T->C',V456V,50
17604: 'T->G',V456V,5
17607: 'T->C',Y457Y,80
17608: 'G->A',D458N,8
17608: 'G->T',D458Y,79
17609: 'A->C',D458A,5
17609: 'A->G',D458G,29
17610: 'T->C',D458D,76
17611: 'A->G',N459D,35
17611: 'A->T',N459Y,1
17612: 'A->C',N459T,12
17612: 'A->G',N459S,45
17613: 'T->C',N459N,59
17613: 'T->G',N459K,1
17614: 'A->G',K460E,34
17615: 'A->C',K460T,2
17615: 'A->G',K460R,134438
17616: 'G->A',K460K,27
17616: 'G->T',K460N,18
17617: 'C->T',L461F,3
17619: 'T->A',L461L,2
17619: 'T->C',L461L,166
17619: 'T->G',L461L,1
17620: 'A->G',K462E,4
17621: 'A->C',K462T,3
17621: 'A->G',K462R,30
17622: 'A->C',K462N,5
17622: 'A->G',K462K,93
17622: 'A->T',K462N,8
17623: 'G->A',A463T,90
17623: 'G->T',A463S,59
17624: 'C->T',A463V,7
17625: 'A->C',A463A,1
17625: 'A->G',A463A,3
17626: 'C->A',H464N,1
17626: 'C->T',H464Y,1161
17627: 'A->G',H464R,161
17628: 'T->A',H464Q,5
17628: 'T->C',H464H,120
17629: 'A->G',K465E,6
17630: 'A->G',K465R,16
17631: 'A->C',K465N,29
17631: 'A->G',K465K,29
17631: 'A->T',K465N,1
17632: 'G->A',D466N,54
17632: 'G->C',D466H,1
17632: 'G->T',D466Y,383
17633: 'A->G',D466G,38
17634: 'C->A',D466E,182
17634: 'C->T',D466D,684
17635: 'A->G',K467E,12
17636: 'A->G',K467R,193
17636: 'A->T',K467I,6
17637: 'A->C',K467N,13
17637: 'A->G',K467K,460
17637: 'A->T',K467N,3
17638: 'T->A',S468T,13
17638: 'T->G',S468A,1389
17639: 'C->T',S468L,1572
17640: 'A->C',S468S,45
17640: 'A->G',S468S,22
17640: 'A->T',S468S,2
17641: 'G->A',A469T,624
17641: 'G->T',A469S,62
17642: 'C->A',A469D,15
17642: 'C->T',A469V,250
17643: 'T->A',A469A,4
17643: 'T->C',A469A,82
17643: 'T->G',A469A,25
17644: 'C->A',Q470K,4
17644: 'C->G',Q470E,11
17645: 'A->G',Q470R,10
17645: 'A->T',Q470L,67
17646: 'A->C',Q470H,7
17646: 'A->G',Q470Q,65
17647: 'T->G',C471G,1
17649: 'C->T',C471C,569
17650: 'T->C',F472L,2
17650: 'T->G',F472V,29
17652: 'T->C',F472F,64
17654: 'A->G',K473R,8
17655: 'A->G',K473K,25
17656: 'A->G',M474V,10
17657: 'T->A',M474K,1
17657: 'T->C',M474T,2
17658: 'G->A',M474I,22
17658: 'G->C',M474I,1
17658: 'G->T',M474I,1171
17659: 'T->C',F475L,25
17659: 'T->G',F475V,332
17660: 'T->C',F475S,10
17660: 'T->G',F475C,21
17661: 'T->C',F475F,39
17661: 'T->G',F475L,23
17662: 'T->C',Y476H,1
17663: 'A->G',Y476C,7
17664: 'T->C',Y476Y,48
17666: 'A->G',K477R,103
17667: 'G->A',K477K,678
17667: 'G->T',K477N,25
17670: 'T->C',G478G,21
17671: 'G->A',V479I,271
17671: 'G->T',V479F,40
17672: 'T->C',V479A,10
17673: 'T->C',V479V,53
17673: 'T->G',V479V,17
17674: 'A->G',I480V,491
17675: 'T->C',I480T,4
17676: 'C->A',I480I,41
17676: 'C->T',I480I,3910
17677: 'A->G',T481A,10
17678: 'C->A',T481K,1
17678: 'C->T',T481M,3987
17679: 'G->A',T481T,243
17679: 'G->C',T481T,1
17679: 'G->T',T481T,3995
17681: 'A->G',H482R,7
17681: 'A->T',H482L,13
17682: 'T->C',H482H,103
17683: 'G->T',D483Y,17
17685: 'T->C',D483D,41
17686: 'G->A',V484I,47
17686: 'G->T',V484F,376
17687: 'T->A',V484D,1
17687: 'T->C',V484A,19
17688: 'T->A',V484V,2
17688: 'T->C',V484V,332
17688: 'T->G',V484V,6
17689: 'T->C',S485P,6
17689: 'T->G',S485A,19
17690: 'C->T',S485L,551
17691: 'A->C',S485S,30
17691: 'A->G',S485S,108
17691: 'A->T',S485S,1
17693: 'C->T',S486F,1
17694: 'T->A',S486S,2
17694: 'T->C',S486S,105
17694: 'T->G',S486S,4
17695: 'G->T',A487S,14
17697: 'A->C',A487A,13
17697: 'A->G',A487A,61
17697: 'A->T',A487A,86
17698: 'A->C',I488L,8
17698: 'A->T',I488F,5
17699: 'T->G',I488S,2
17700: 'T->A',I488I,2
17700: 'T->C',I488I,19
17701: 'A->T',N489Y,1
17703: 'C->T',N489N,197
17704: 'A->C',R490R,2
17706: 'G->A',R490R,275
17706: 'G->T',R490S,7
17707: 'C->A',P491T,6
17707: 'C->T',P491S,710
17709: 'A->C',P491P,47
17709: 'A->G',P491P,500
17709: 'A->T',P491P,7
17711: 'A->G',Q492R,3
17712: 'A->G',Q492Q,27
17712: 'A->T',Q492H,8
17713: 'A->C',I493L,12
17713: 'A->G',I493V,103
17713: 'A->T',I493L,1
17715: 'A->C',I493I,5
17715: 'A->G',I493M,4
17715: 'A->T',I493I,33
17716: 'G->A',G494S,1
17716: 'G->T',G494C,1
17718: 'C->A',G494G,16
17718: 'C->T',G494G,192
17719: 'G->A',V495M,2
17719: 'G->T',V495L,1
17720: 'T->C',V495A,9
17721: 'G->A',V495V,79
17721: 'G->C',V495V,4
17721: 'G->T',V495V,2726
17722: 'G->A',V496I,26
17722: 'G->T',V496L,231
17723: 'T->C',V496A,2
17724: 'A->G',V496V,59
17724: 'A->T',V496V,2
17725: 'A->C',R497R,24
17727: 'A->G',R497R,39
17729: 'A->C',E498A,14
17729: 'A->G',E498G,1
17729: 'A->T',E498V,1
17730: 'A->G',E498E,94
17731: 'T->A',F499I,3
17731: 'T->C',F499L,39
17731: 'T->G',F499V,2
17733: 'C->A',F499L,1
17733: 'C->T',F499F,1484
17734: 'C->A',L500I,18
17734: 'C->G',L500V,16
17734: 'C->T',L500F,222
17735: 'T->A',L500H,2
17735: 'T->C',L500P,31
17736: 'T->A',L500L,13
17736: 'T->C',L500L,162
17736: 'T->G',L500L,1
17737: 'A->G',T501A,81
17738: 'C->A',T501K,19
17738: 'C->T',T501I,374
17739: 'A->C',T501T,3
17739: 'A->G',T501T,109
17740: 'C->T',R502C,33
17741: 'G->A',R502H,33
17741: 'G->C',R502P,1
17741: 'G->T',R502L,18
17742: 'T->C',R502R,237
17742: 'T->G',R502R,2
17743: 'A->C',N503H,2
17743: 'A->G',N503D,91
17743: 'A->T',N503Y,297
17744: 'A->G',N503S,56
17744: 'A->T',N503I,4
17745: 'C->A',N503K,151
17745: 'C->G',N503K,26
17745: 'C->T',N503N,2992
17746: 'C->A',P504T,70
17746: 'C->G',P504A,7
17746: 'C->T',P504S,2042
17747: 'C->A',P504H,249
17747: 'C->T',P504L,4286
17748: 'T->A',P504P,138
17748: 'T->C',P504P,81
17748: 'T->G',P504P,29
17749: 'G->A',A505T,16
17749: 'G->C',A505P,5
17749: 'G->T',A505S,272
17750: 'C->A',A505D,5
17750: 'C->T',A505V,1087
17751: 'T->A',A505A,8
17751: 'T->C',A505A,67
17751: 'T->G',A505A,944
17753: 'G->T',W506L,13
17754: 'G->T',W506C,2
17755: 'A->C',R507R,13
17755: 'A->G',R507G,21
17756: 'G->A',R507K,719
17757: 'A->G',R507R,54
17758: 'A->G',K508E,33
17759: 'A->G',K508R,26
17760: 'A->C',K508N,7
17760: 'A->G',K508K,24
17760: 'A->T',K508N,2
17761: 'G->A',A509T,13
17761: 'G->C',A509P,3
17761: 'G->T',A509S,159
17762: 'C->A',A509D,10
17762: 'C->G',A509G,25
17762: 'C->T',A509V,5847
17763: 'T->A',A509A,9
17763: 'T->C',A509A,1950
17763: 'T->G',A509A,114
17764: 'G->A',V510I,10
17764: 'G->C',V510L,3
17764: 'G->T',V510F,3
17765: 'T->C',V510A,3
17766: 'C->A',V510V,11
17766: 'C->G',V510V,6
17766: 'C->T',V510V,4092
17767: 'T->A',F511I,4
17767: 'T->C',F511L,6
17767: 'T->G',F511V,17
17768: 'T->C',F511S,1
17768: 'T->G',F511C,3
17769: 'T->A',F511L,1
17769: 'T->C',F511F,77
17770: 'A->G',I512V,21
17771: 'T->C',I512T,2
17772: 'T->A',I512I,3
17772: 'T->C',I512I,94
17772: 'T->G',I512M,1
17773: 'T->A',S513T,15
17774: 'C->T',S513L,3
17775: 'A->C',S513S,3
17775: 'A->G',S513S,18
17775: 'A->T',S513S,5
17776: 'C->T',P514S,1
17777: 'C->T',P514L,1
17778: 'T->C',P514P,16
17778: 'T->G',P514P,11
17779: 'T->C',Y515H,1
17780: 'A->G',Y515C,1
17781: 'T->C',Y515Y,367
17784: 'T->A',N516K,1
17784: 'T->C',N516N,183
17786: 'C->T',S517L,1
17787: 'A->C',S517S,3
17787: 'A->G',S517S,40
17787: 'A->T',S517S,3
17788: 'C->G',Q518E,1
17790: 'G->A',Q518Q,118
17790: 'G->C',Q518H,1
17790: 'G->T',Q518H,1008
17792: 'A->G',N519S,5
17793: 'T->C',N519N,31
17793: 'T->G',N519K,1
17794: 'G->A',A520T,161
17794: 'G->T',A520S,94
17795: 'C->G',A520G,154
17795: 'C->T',A520V,1036
17796: 'T->A',A520A,7
17796: 'T->C',A520A,95
17796: 'T->G',A520A,7
17797: 'G->A',V521I,22
17797: 'G->T',V521L,1
17798: 'T->C',V521A,18
17799: 'A->G',V521V,729
17799: 'A->T',V521V,18
17800: 'G->A',A522T,14
17800: 'G->T',A522S,8
17801: 'C->T',A522V,21
17802: 'C->A',A522A,105
17802: 'C->T',A522A,174
17803: 'T->C',S523P,1
17803: 'T->G',S523A,71
17804: 'C->T',S523L,50
17805: 'A->C',S523S,2
17805: 'A->G',S523S,309
17805: 'A->T',S523S,11
17807: 'A->G',K524R,10
17808: 'G->A',K524K,152
17808: 'G->C',K524N,7
17808: 'G->T',K524N,277
17809: 'A->C',I525L,7
17809: 'A->G',I525V,11
17809: 'A->T',I525F,1
17810: 'T->G',I525S,1
17811: 'T->A',I525I,2
17811: 'T->C',I525I,207
17812: 'T->C',L526L,9
17812: 'T->G',L526V,1
17813: 'T->C',L526S,5
17813: 'T->G',L526W,4
17814: 'G->A',L526L,109
17814: 'G->T',L526F,97
17815: 'G->A',G527R,367
17816: 'G->C',G527A,1
17816: 'G->T',G527V,25
17817: 'A->C',G527G,8
17817: 'A->G',G527G,31
17818: 'C->A',L528I,22
17818: 'C->T',L528L,155
17819: 'T->A',L528Q,1
17819: 'T->C',L528P,4
17820: 'A->G',L528L,58
17821: 'C->A',P529T,7
17821: 'C->G',P529A,2
17821: 'C->T',P529S,75
17822: 'C->A',P529Q,4
17822: 'C->G',P529R,1
17822: 'C->T',P529L,1919
17823: 'A->C',P529P,2
17823: 'A->G',P529P,201
17823: 'A->T',P529P,6
17824: 'A->G',T530A,2
17825: 'C->A',T530N,3
17825: 'C->T',T530I,476
17826: 'T->A',T530T,24
17826: 'T->C',T530T,45
17826: 'T->G',T530T,46
17827: 'C->A',Q531K,62
17828: 'A->G',Q531R,5
17828: 'A->T',Q531L,3
17829: 'A->G',Q531Q,12
17829: 'A->T',Q531H,13
17830: 'A->G',T532A,2
17831: 'C->A',T532N,1
17832: 'T->A',T532T,4
17832: 'T->C',T532T,18
17832: 'T->G',T532T,7
17833: 'G->A',V533I,1
17834: 'T->C',V533A,1
17835: 'T->A',V533V,15
17835: 'T->C',V533V,217
17835: 'T->G',V533V,2
17836: 'G->A',D534N,1
17837: 'A->C',D534A,1
17838: 'T->A',D534E,1
17838: 'T->C',D534D,53
17839: 'T->C',S535P,1
17840: 'C->T',S535L,2
17841: 'A->C',S535S,25
17841: 'A->G',S535S,121
17841: 'A->T',S535S,9
17842: 'T->G',S536A,2
17844: 'A->C',S536S,14
17844: 'A->G',S536S,161
17844: 'A->T',S536S,7
17846: 'A->T',Q537L,1
17847: 'G->A',Q537Q,1923
17847: 'G->T',Q537H,1
17848: 'G->A',G538S,2
17848: 'G->C',G538R,1
17848: 'G->T',G538C,2
17849: 'G->A',G538D,1
17849: 'G->T',G538V,2
17850: 'C->A',G538G,17
17850: 'C->G',G538G,1
17850: 'C->T',G538G,1735
17851: 'T->A',S539T,1
17852: 'C->T',S539L,4
17853: 'A->C',S539S,2
17853: 'A->G',S539S,49
17853: 'A->T',S539S,79
17854: 'G->A',E540K,1
17856: 'A->G',E540E,52
17857: 'T->C',Y541H,2
17858: 'A->C',Y541S,1
17858: 'A->G',Y541C,2443
17859: 'T->C',Y541Y,225
17860: 'G->A',D542N,85
17860: 'G->T',D542Y,46
17861: 'A->C',D542A,2
17861: 'A->G',D542G,302
17862: 'C->A',D542E,31
17862: 'C->G',D542E,4
17862: 'C->T',D542D,2061
17863: 'T->A',Y543N,2
17863: 'T->C',Y543H,209
17864: 'A->G',Y543C,45
17864: 'A->T',Y543F,1
17865: 'T->C',Y543Y,2331
17866: 'G->A',V544I,15
17866: 'G->C',V544L,1
17866: 'G->T',V544F,1
17867: 'T->C',V544A,4
17868: 'C->A',V544V,6
17868: 'C->G',V544V,1
17868: 'C->T',V544V,88
17869: 'A->G',I545V,70
17869: 'A->T',I545L,2
17870: 'T->C',I545T,5
17871: 'A->C',I545I,2
17871: 'A->G',I545M,29
17872: 'T->C',F546L,11
17872: 'T->G',F546V,10
17873: 'T->A',F546Y,5
17873: 'T->C',F546S,1
17874: 'C->T',F546F,174
17875: 'A->G',T547A,27
17876: 'C->A',T547N,2
17876: 'C->T',T547I,42
17877: 'T->A',T547T,29
17877: 'T->C',T547T,163
17877: 'T->G',T547T,10
17878: 'C->G',Q548E,2
17879: 'A->C',Q548P,1
17879: 'A->T',Q548L,1
17880: 'A->C',Q548H,1
17880: 'A->G',Q548Q,293
17881: 'A->G',T549A,7
17881: 'A->T',T549S,82
17883: 'C->A',T549T,78
17883: 'C->G',T549T,1
17883: 'C->T',T549T,314
17884: 'A->G',T550A,18
17884: 'A->T',T550S,1
17885: 'C->G',T550S,1
17886: 'T->A',T550T,9
17886: 'T->C',T550T,73
17886: 'T->G',T550T,5
17887: 'G->A',E551K,3
17888: 'A->G',E551G,5
17889: 'A->C',E551D,1
17889: 'A->G',E551E,30
17889: 'A->T',E551D,5
17890: 'A->G',T552A,4
17890: 'A->T',T552S,1
17891: 'C->A',T552K,1
17891: 'C->T',T552I,2
17892: 'A->C',T552T,44
17892: 'A->G',T552T,136
17892: 'A->T',T552T,5
17893: 'G->A',A553T,14
17893: 'G->C',A553P,2
17893: 'G->T',A553S,182
17894: 'C->G',A553G,1
17894: 'C->T',A553V,79
17895: 'T->A',A553A,7
17895: 'T->C',A553A,121
17895: 'T->G',A553A,10
17896: 'C->T',H554Y,2
17897: 'A->C',H554P,2
17898: 'C->T',H554H,212
17899: 'T->G',S555A,3
17900: 'C->A',S555Y,1
17900: 'C->T',S555F,2
17901: 'T->A',S555S,1
17901: 'T->C',S555S,159
17901: 'T->G',S555S,33
17903: 'G->A',C556Y,1
17904: 'T->C',C556C,16
17905: 'A->G',N557D,1
17906: 'A->G',N557S,24
17907: 'T->C',N557N,31
17908: 'G->A',V558I,66
17908: 'G->T',V558L,27
17909: 'T->C',V558A,2
17910: 'A->C',V558V,11
17910: 'A->G',V558V,85
17910: 'A->T',V558V,1
17911: 'A->G',N559D,1
17912: 'A->G',N559S,1
17913: 'C->T',N559N,1000
17914: 'A->C',R560R,20
17916: 'A->G',R560R,83
17919: 'T->C',F561F,46
17920: 'A->G',N562D,3
17922: 'T->C',N562N,52
17924: 'T->C',V563A,2
17925: 'T->A',V563V,182
17925: 'T->C',V563V,6
17926: 'G->T',A564S,2
17927: 'C->T',A564V,1
17928: 'T->A',A564A,10
17928: 'T->C',A564A,60
17928: 'T->G',A564A,1
17929: 'A->G',I565V,61
17929: 'A->T',I565F,2
17930: 'T->C',I565T,8
17930: 'T->G',I565S,2
17931: 'T->A',I565I,2
17931: 'T->C',I565I,62
17933: 'C->A',T566N,1
17934: 'C->A',T566T,578
17934: 'C->T',T566T,722
17935: 'A->C',R567R,3
17937: 'A->G',R567R,98
17938: 'G->A',A568T,125
17938: 'G->T',A568S,25
17939: 'C->T',A568V,177
17940: 'A->C',A568A,4
17940: 'A->G',A568A,50
17940: 'A->T',A568A,14
17941: 'A->C',K569Q,10
17941: 'A->G',K569E,15
17942: 'A->G',K569R,2
17943: 'A->G',K569K,60
17944: 'G->A',V570I,77
17944: 'G->C',V570L,3
17944: 'G->T',V570L,1089
17945: 'T->A',V570E,1
17945: 'T->C',V570A,11
17945: 'T->G',V570G,2
17946: 'A->G',V570V,45
17946: 'A->T',V570V,12
17947: 'G->A',G571S,2
17948: 'G->A',G571D,3
17949: 'C->T',G571G,136
17950: 'A->G',I572V,4
17950: 'A->T',I572L,11
17951: 'T->C',I572T,9
17952: 'A->G',I572M,1
17953: 'C->A',L573I,4
17953: 'C->G',L573V,1
17953: 'C->T',L573F,7
17955: 'T->C',L573L,18
17955: 'T->G',L573L,6
17956: 'T->A',C574S,3
17956: 'T->C',C574R,4
17956: 'T->G',C574G,1
17957: 'G->T',C574F,3
17958: 'C->T',C574C,61
17959: 'A->C',I575L,2
17959: 'A->G',I575V,283
17959: 'A->T',I575L,3
17960: 'T->C',I575T,11
17961: 'A->G',I575M,120
17962: 'A->C',M576L,9
17962: 'A->G',M576V,74
17963: 'T->C',M576T,2526
17964: 'G->A',M576I,53
17964: 'G->C',M576I,7
17964: 'G->T',M576I,3829
17966: 'C->A',S577Y,2
17966: 'C->T',S577F,2
17967: 'T->A',S577S,4
17967: 'T->C',S577S,16
17967: 'T->G',S577S,3
17968: 'G->A',D578N,1
17968: 'G->T',D578Y,1
17969: 'A->C',D578A,17
17969: 'A->G',D578G,69
17970: 'T->C',D578D,515
17971: 'A->G',R579G,324
17972: 'G->A',R579K,35
17972: 'G->C',R579T,2
17972: 'G->T',R579I,26
17973: 'A->C',R579S,9
17973: 'A->G',R579R,82
17973: 'A->T',R579S,6
17974: 'G->A',D580N,108
17974: 'G->T',D580Y,49
17975: 'A->G',D580G,59
17976: 'C->A',D580E,75
17976: 'C->T',D580D,346
17977: 'C->A',L581I,35
17977: 'C->G',L581V,2
17977: 'C->T',L581F,5635
17979: 'T->C',L581L,50
17979: 'T->G',L581L,21
17980: 'T->C',Y582H,34
17982: 'T->C',Y582Y,27
17983: 'G->A',D583N,16
17983: 'G->T',D583Y,11
17984: 'A->C',D583A,8
17984: 'A->G',D583G,114
17985: 'C->A',D583E,2
17985: 'C->T',D583D,198
17986: 'A->C',K584Q,1
17986: 'A->G',K584E,48
17987: 'A->C',K584T,2
17987: 'A->G',K584R,50
17988: 'G->A',K584K,50
17988: 'G->T',K584N,156
17989: 'T->C',L585L,7
17991: 'G->A',L585L,26
17991: 'G->C',L585F,1
17992: 'C->A',Q586K,6
17993: 'A->G',Q586R,33
17993: 'A->T',Q586L,45
17994: 'A->C',Q586H,11
17994: 'A->G',Q586Q,23
17995: 'T->C',F587L,38
17997: 'T->C',F587F,84
17998: 'A->G',T588A,11
17999: 'C->A',T588K,5
17999: 'C->G',T588R,1
17999: 'C->T',T588I,4448
18000: 'A->G',T588T,53
18000: 'A->T',T588T,3
18001: 'A->C',S589R,6
18001: 'A->G',S589G,6
18001: 'A->T',S589C,10
18002: 'G->A',S589N,61
18002: 'G->C',S589T,43
18002: 'G->T',S589I,33
18003: 'T->C',S589S,11
18003: 'T->G',S589R,13
18004: 'C->A',L590I,12
18004: 'C->T',L590F,15
18005: 'T->C',L590P,3
18006: 'T->A',L590L,9
18006: 'T->C',L590L,54
18006: 'T->G',L590L,7
18007: 'G->A',E591K,15
18008: 'A->C',E591A,4
18008: 'A->G',E591G,30
18009: 'A->C',E591D,1
18009: 'A->G',E591E,13
18010: 'A->G',I592V,72
18011: 'T->C',I592T,4
18012: 'T->A',I592I,7
18012: 'T->C',I592I,187
18012: 'T->G',I592M,1
18013: 'C->T',P593S,2
18014: 'C->T',P593L,1
18015: 'A->C',P593P,8
18015: 'A->G',P593P,87
18015: 'A->T',P593P,1
18016: 'C->T',R594C,6
18017: 'G->A',R594H,4
18017: 'G->T',R594L,2
18018: 'T->C',R594R,8287
18019: 'A->C',R595R,1
22114: 'T->C',V521A,100
904: 'C->T',H245Y,643
